GENDER,AGE_GRP,MARR_STTS,JOB_NM,INCOME,TRAVEL_NUM,TRAVEL_STYL_1,TRAVEL_STATUS_RESIDENCE,TRAVEL_STATUS_DESTINATION,TRAVEL_STATUS_ACCOMPANY,TRAVEL_MOTIVE_1,TRAVEL_COMPANIONS_NUM,MONTH,SEASON,HOW_LONG,TRAVELER_ID,cluster,cluster_name
여,20,1,13,6,4,1,충청남도,제주,나홀로 여행,1,0,5,spring,4,h000092,4,느슨하게 떠나는 듀오 무드러
여,30,1,13,4,3,6,경기도,제주,2인 여행(가족 외),2,1,6,summer,3,h000468,4,느슨하게 떠나는 듀오 무드러
여,30,2,2,7,1,3,서울특별시,제주,2인 가족 여행,2,1,5,spring,4,h000032,5,차분템포 자연수집 패밀리
남,30,1,3,3,1,4,경기도,제주,나홀로 여행,1,0,6,summer,3,h001276,4,느슨하게 떠나는 듀오 무드러
여,20,1,3,4,1,1,경기도,제주,나홀로 여행,2,0,7,summer,5,h001647,4,느슨하게 떠나는 듀오 무드러
여,40,2,2,5,6,6,경기도,제주,2인 가족 여행,1,1,7,summer,4,h000794,2,탐험 ON한 듀오 트래블러
여,20,1,12,1,2,2,경상남도,제주,2인 여행(가족 외),2,1,7,summer,4,h002182,6,뉴트럴바이브 듀오 스테이러
여,20,1,12,1,2,4,울산광역시,제주,2인 여행(가족 외),3,1,6,summer,3,h001206,6,뉴트럴바이브 듀오 스테이러
남,40,1,3,6,2,3,경기도,제주,2인 여행(가족 외),1,1,6,summer,4,h000533,4,느슨하게 떠나는 듀오 무드러
여,60,4,3,3,2,1,인천광역시,제주,나홀로 여행,1,0,6,summer,3,h000478,4,느슨하게 떠나는 듀오 무드러
남,30,1,13,1,5,2,대전광역시,제주,나홀로 여행,4,0,7,summer,3,h001965,6,뉴트럴바이브 듀오 스테이러
여,20,1,4,2,3,2,경기도,제주,2인 여행(가족 외),7,1,6,summer,5,h001084,6,뉴트럴바이브 듀오 스테이러
남,30,1,3,4,1,4,제주특별자치도,제주,2인 여행(가족 외),5,1,6,summer,3,h001316,4,느슨하게 떠나는 듀오 무드러
여,30,2,11,1,6,1,경기도,제주,3대 동반 여행(친척 포함),3,2,6,summer,4,h000624,7,패밀리 무드 ON 스탠다드러
남,20,1,2,4,2,3,경기도,제주,나홀로 여행,2,0,7,summer,8,h001457,4,느슨하게 떠나는 듀오 무드러
여,20,1,7,5,5,3,경기도,제주,2인 여행(가족 외),6,1,6,summer,3,h001340,4,느슨하게 떠나는 듀오 무드러
여,50,2,3,6,6,2,대전광역시,제주,자녀 동반 여행,1,2,6,summer,8,h000768,5,차분템포 자연수집 패밀리
남,30,2,2,7,10,1,경기도,제주,나홀로 여행,4,0,6,summer,2,h000490,2,탐험 ON한 듀오 트래블러
여,30,1,2,5,2,3,경기도,제주,2인 여행(가족 외),2,1,6,summer,4,h000531,4,느슨하게 떠나는 듀오 무드러
여,20,1,1,7,2,2,경기도,제주,2인 여행(가족 외),3,1,6,summer,4,h000536,4,느슨하게 떠나는 듀오 무드러
남,30,1,3,5,1,2,서울특별시,제주,부모 동반 여행,2,3,6,summer,4,h000480,7,패밀리 무드 ON 스탠다드러
여,20,1,4,4,1,2,부산광역시,제주,2인 여행(가족 외),3,1,6,summer,3,h001557,4,느슨하게 떠나는 듀오 무드러
여,30,2,3,4,6,4,대구광역시,제주,3인 이상 여행(가족 외),2,3,5,spring,5,h000111,7,패밀리 무드 ON 스탠다드러
여,50,2,4,2,1,1,경기도,제주,3인 이상 여행(가족 외),6,3,7,summer,3,h001466,7,패밀리 무드 ON 스탠다드러
남,20,1,12,3,4,6,충청북도,제주,3인 이상 여행(가족 외),1,2,6,summer,4,h001103,6,뉴트럴바이브 듀오 스테이러
여,40,2,4,4,2,1,서울특별시,제주,2인 여행(가족 외),3,1,7,summer,2,h000683,1,자연집중 번개여행 패밀리
여,50,2,4,4,4,2,경기도,제주,자녀 동반 여행,2,3,6,summer,5,h000464,7,패밀리 무드 ON 스탠다드러
남,30,2,3,3,8,1,서울특별시,제주,자녀 동반 여행,3,2,6,summer,4,h000585,2,탐험 ON한 듀오 트래블러
여,30,1,3,4,1,2,제주특별자치도,제주,2인 여행(가족 외),3,1,5,spring,2,h000351,3,솔로감성 잠깐 리프레시러
여,20,1,3,4,1,1,충청남도,제주,2인 여행(가족 외),9,1,7,summer,3,h001502,4,느슨하게 떠나는 듀오 무드러
여,50,2,2,9,2,5,제주특별자치도,제주,3인 이상 여행(가족 외),7,3,6,summer,1,h001120,5,차분템포 자연수집 패밀리
남,30,1,3,4,5,3,서울특별시,제주,3인 이상 여행(가족 외),1,2,7,summer,3,h001526,4,느슨하게 떠나는 듀오 무드러
여,30,1,3,3,2,4,서울특별시,제주,2인 여행(가족 외),1,1,7,summer,5,h001421,4,느슨하게 떠나는 듀오 무드러
여,30,2,11,1,1,1,서울특별시,제주,자녀 동반 여행,3,2,6,summer,5,h000806,7,패밀리 무드 ON 스탠다드러
남,50,4,3,7,1,3,대전광역시,제주,부모 동반 여행,1,3,6,summer,4,h000817,5,차분템포 자연수집 패밀리
여,30,1,2,4,4,1,서울특별시,제주,3인 이상 여행(가족 외),3,2,5,spring,7,h000496,7,패밀리 무드 ON 스탠다드러
남,30,1,2,5,6,4,경기도,제주,나홀로 여행,4,0,6,summer,4,h000555,4,느슨하게 떠나는 듀오 무드러
여,30,1,2,3,5,2,서울특별시,제주,2인 여행(가족 외),2,1,6,summer,3,h001464,2,탐험 ON한 듀오 트래블러
여,30,1,3,5,4,2,서울특별시,제주,나홀로 여행,7,0,6,summer,3,h000912,4,느슨하게 떠나는 듀오 무드러
남,40,2,11,3,1,1,서울특별시,제주,3인 이상 여행(가족 외),5,3,6,summer,3,h000574,7,패밀리 무드 ON 스탠다드러
여,30,1,4,4,2,4,서울특별시,제주,2인 가족 여행,9,1,5,spring,3,h000091,4,느슨하게 떠나는 듀오 무드러
여,30,1,12,2,2,1,광주광역시,제주,2인 여행(가족 외),2,1,6,summer,3,h000701,6,뉴트럴바이브 듀오 스테이러
남,30,1,2,3,4,5,제주특별자치도,제주,2인 여행(가족 외),3,1,7,summer,1,h001671,3,솔로감성 잠깐 리프레시러
여,30,1,12,1,1,3,경기도,제주,3인 이상 여행(가족 외),3,7,6,summer,4,h001258,0,자연에 진심인 힐링패밀리
남,20,1,2,3,1,4,서울특별시,제주,나홀로 여행,4,0,7,summer,3,h002007,6,뉴트럴바이브 듀오 스테이러
남,30,2,4,4,1,1,경기도,제주,자녀 동반 여행,3,2,6,summer,3,h000713,7,패밀리 무드 ON 스탠다드러
남,40,1,4,5,3,3,세종특별자치시,제주,2인 여행(가족 외),1,1,6,summer,3,h000858,4,느슨하게 떠나는 듀오 무드러
여,50,2,3,2,4,4,서울특별시,제주,2인 여행(가족 외),1,1,7,summer,2,h002198,6,뉴트럴바이브 듀오 스테이러
남,50,2,2,3,1,4,제주특별자치도,제주,자녀 동반 여행,3,2,7,summer,2,h001788,1,자연집중 번개여행 패밀리
여,40,2,3,5,1,1,부산광역시,제주,자녀 동반 여행,1,4,6,summer,6,h000742,7,패밀리 무드 ON 스탠다드러
남,30,1,3,5,2,6,강원도,제주,3인 이상 여행(가족 외),7,2,5,spring,4,h000329,4,느슨하게 떠나는 듀오 무드러
여,30,1,2,2,2,2,경상남도,제주,2인 여행(가족 외),3,1,6,summer,4,h001215,6,뉴트럴바이브 듀오 스테이러
남,30,2,4,5,1,2,제주특별자치도,제주,2인 가족 여행,3,1,7,summer,3,h002138,4,느슨하게 떠나는 듀오 무드러
여,50,1,13,6,3,2,서울특별시,제주,2인 가족 여행,1,1,6,summer,4,h001283,4,느슨하게 떠나는 듀오 무드러
여,40,1,13,4,5,1,전라북도,제주,2인 여행(가족 외),7,1,6,summer,3,h001610,4,느슨하게 떠나는 듀오 무드러
남,40,2,3,3,4,4,인천광역시,제주,자녀 동반 여행,8,2,6,summer,4,h000871,7,패밀리 무드 ON 스탠다드러
여,40,2,3,2,3,6,광주광역시,제주,자녀 동반 여행,9,2,6,summer,4,h001136,7,패밀리 무드 ON 스탠다드러
남,50,2,13,8,4,6,서울특별시,제주,자녀 동반 여행,3,1,7,summer,3,h000758,5,차분템포 자연수집 패밀리
여,40,1,2,4,1,6,서울특별시,제주,2인 여행(가족 외),2,1,6,summer,3,h001211,4,느슨하게 떠나는 듀오 무드러
남,30,1,12,2,10,2,강원도,제주,2인 여행(가족 외),3,1,6,summer,3,h000676,2,탐험 ON한 듀오 트래블러
여,20,1,12,2,6,3,충청북도,제주,나홀로 여행,2,0,7,summer,3,h001835,2,탐험 ON한 듀오 트래블러
여,30,1,12,1,4,2,인천광역시,제주,2인 여행(가족 외),2,1,6,summer,3,h001121,6,뉴트럴바이브 듀오 스테이러
여,40,2,11,1,1,4,서울특별시,제주,자녀 동반 여행,2,3,6,summer,5,h000186,7,패밀리 무드 ON 스탠다드러
여,40,2,4,4,2,1,제주특별자치도,제주,2인 가족 여행,1,1,7,summer,1,h002170,1,자연집중 번개여행 패밀리
남,30,1,13,8,3,1,제주특별자치도,제주,2인 여행(가족 외),3,1,7,summer,1,h001831,1,자연집중 번개여행 패밀리
여,40,1,3,6,3,4,서울특별시,제주,나홀로 여행,7,0,6,summer,8,h000584,4,느슨하게 떠나는 듀오 무드러
남,30,1,2,5,1,5,제주특별자치도,제주,나홀로 여행,4,0,7,summer,3,h001724,4,느슨하게 떠나는 듀오 무드러
여,40,1,3,4,6,3,부산광역시,제주,2인 여행(가족 외),1,1,7,summer,3,h001032,2,탐험 ON한 듀오 트래블러
여,50,2,4,4,1,2,충청남도,제주,2인 가족 여행,6,1,6,summer,5,h000599,4,느슨하게 떠나는 듀오 무드러
여,30,1,3,4,5,4,경상남도,제주,나홀로 여행,1,0,5,spring,3,h000070,4,느슨하게 떠나는 듀오 무드러
여,40,2,4,2,4,1,제주특별자치도,제주,자녀 동반 여행,9,3,7,summer,3,h001874,7,패밀리 무드 ON 스탠다드러
여,40,2,13,3,1,2,제주특별자치도,제주,3인 이상 여행(가족 외),1,2,6,summer,2,h000313,1,자연집중 번개여행 패밀리
여,30,1,12,2,5,4,서울특별시,제주,2인 여행(가족 외),1,1,6,summer,5,h001127,6,뉴트럴바이브 듀오 스테이러
남,20,1,12,2,3,3,서울특별시,제주,2인 여행(가족 외),2,1,7,summer,3,h001617,6,뉴트럴바이브 듀오 스테이러
여,50,2,2,2,1,3,전라북도,제주,2인 가족 여행,2,1,7,summer,4,h002251,6,뉴트럴바이브 듀오 스테이러
남,50,2,3,6,1,1,서울특별시,제주,자녀 동반 여행,7,2,6,summer,3,h001025,5,차분템포 자연수집 패밀리
남,50,2,5,1,1,4,대구광역시,제주,자녀 동반 여행,7,4,7,summer,4,h001398,7,패밀리 무드 ON 스탠다드러
여,30,2,3,2,3,4,대구광역시,제주,2인 가족 여행,2,1,6,summer,3,h001089,6,뉴트럴바이브 듀오 스테이러
여,30,1,3,4,3,3,충청남도,제주,나홀로 여행,1,0,7,summer,4,h002263,4,느슨하게 떠나는 듀오 무드러
여,40,2,5,1,1,6,서울특별시,제주,3인 이상 여행(가족 외),2,2,6,summer,2,h000486,6,뉴트럴바이브 듀오 스테이러
여,40,2,3,4,1,3,경기도,제주,3대 동반 여행(친척 포함),3,4,6,summer,3,h000753,7,패밀리 무드 ON 스탠다드러
여,40,2,5,4,1,5,광주광역시,제주,2인 여행(가족 외),5,1,6,summer,3,h001282,4,느슨하게 떠나는 듀오 무드러
여,50,2,3,5,1,1,경기도,제주,자녀 동반 여행,3,3,6,summer,4,h000614,7,패밀리 무드 ON 스탠다드러
여,30,1,3,4,5,3,대전광역시,제주,2인 여행(가족 외),3,1,7,summer,4,h001477,4,느슨하게 떠나는 듀오 무드러
여,20,1,4,4,6,4,경기도,제주,2인 가족 여행,3,1,5,spring,4,h000126,2,탐험 ON한 듀오 트래블러
남,40,2,2,6,1,2,제주특별자치도,제주,2인 가족 여행,2,1,6,summer,2,h001468,1,자연집중 번개여행 패밀리
남,20,1,2,5,6,5,충청남도,제주,나홀로 여행,2,0,7,summer,4,h001513,2,탐험 ON한 듀오 트래블러
여,40,2,13,5,6,3,경기도,제주,3인 이상 여행(가족 외),9,2,7,summer,3,h001700,2,탐험 ON한 듀오 트래블러
여,20,1,3,4,3,3,부산광역시,제주,나홀로 여행,4,0,6,summer,3,h000481,4,느슨하게 떠나는 듀오 무드러
여,20,1,12,1,3,4,제주특별자치도,제주,나홀로 여행,4,0,7,summer,1,h001954,3,솔로감성 잠깐 리프레시러
여,30,1,12,4,10,1,제주특별자치도,제주,나홀로 여행,4,0,6,summer,3,h001681,2,탐험 ON한 듀오 트래블러
여,30,1,2,4,2,2,제주특별자치도,제주,나홀로 여행,10,0,5,spring,3,h000085,4,느슨하게 떠나는 듀오 무드러
여,30,2,11,1,2,7,대전광역시,제주,자녀 동반 여행,3,3,6,summer,5,h000884,7,패밀리 무드 ON 스탠다드러
여,30,2,3,1,1,4,인천광역시,제주,자녀 동반 여행,2,4,6,summer,3,h001076,7,패밀리 무드 ON 스탠다드러
여,30,1,12,2,1,4,서울특별시,제주,2인 여행(가족 외),3,1,6,summer,3,h000619,6,뉴트럴바이브 듀오 스테이러
여,50,2,3,1,1,3,대구광역시,제주,자녀 동반 여행,3,1,6,summer,3,h000520,6,뉴트럴바이브 듀오 스테이러
여,50,2,2,1,3,2,서울특별시,제주,3대 동반 여행(친척 포함),1,5,5,spring,4,h000342,0,자연에 진심인 힐링패밀리
여,30,2,3,4,6,1,서울특별시,제주,3인 이상 여행(가족 외),3,6,6,summer,3,h001036,0,자연에 진심인 힐링패밀리
여,40,2,3,4,4,2,대구광역시,제주,2인 가족 여행,7,1,7,summer,4,h001520,4,느슨하게 떠나는 듀오 무드러
남,50,2,2,6,3,2,제주특별자치도,제주,2인 가족 여행,2,1,6,summer,3,h000147,5,차분템포 자연수집 패밀리
여,30,1,2,5,2,4,서울특별시,제주,2인 여행(가족 외),3,1,7,summer,3,h001301,4,느슨하게 떠나는 듀오 무드러
여,30,1,2,4,2,3,서울특별시,제주,2인 여행(가족 외),2,1,6,summer,2,h001214,4,느슨하게 떠나는 듀오 무드러
여,40,2,3,8,1,2,인천광역시,제주,나홀로 여행,6,0,7,summer,4,h001504,5,차분템포 자연수집 패밀리
남,20,1,12,1,3,1,경기도,제주,2인 여행(가족 외),3,1,7,summer,3,h002087,6,뉴트럴바이브 듀오 스테이러
남,30,1,4,4,6,4,대구광역시,제주,2인 여행(가족 외),3,1,6,summer,3,h000500,2,탐험 ON한 듀오 트래블러
남,40,1,5,2,3,3,인천광역시,제주,부모 동반 여행,3,2,6,summer,4,h000807,7,패밀리 무드 ON 스탠다드러
남,30,2,2,7,6,2,서울특별시,제주,2인 가족 여행,1,1,6,summer,5,h000615,5,차분템포 자연수집 패밀리
여,30,2,3,3,1,2,경기도,제주,3대 동반 여행(친척 포함),1,4,6,summer,4,h000833,7,패밀리 무드 ON 스탠다드러
남,30,1,3,5,5,4,서울특별시,제주,부모 동반 여행,3,2,6,summer,3,h000895,4,느슨하게 떠나는 듀오 무드러
여,20,1,12,1,1,2,서울특별시,제주,2인 여행(가족 외),1,1,6,summer,3,h001338,6,뉴트럴바이브 듀오 스테이러
여,40,2,2,4,4,6,제주특별자치도,제주,3인 이상 여행(가족 외),3,4,6,summer,1,h000078,1,자연집중 번개여행 패밀리
남,20,1,4,4,1,3,경기도,제주,나홀로 여행,2,0,6,summer,4,h001082,4,느슨하게 떠나는 듀오 무드러
여,40,2,3,1,1,2,경상남도,제주,자녀 동반 여행,1,2,6,summer,3,h000581,7,패밀리 무드 ON 스탠다드러
남,40,2,3,5,4,5,대구광역시,제주,자녀 동반 여행,2,3,6,summer,3,h000869,7,패밀리 무드 ON 스탠다드러
남,20,1,12,1,1,4,서울특별시,제주,3인 이상 여행(가족 외),1,8,6,summer,3,h000866,0,자연에 진심인 힐링패밀리
여,50,2,4,5,1,4,서울특별시,제주,자녀 동반 여행,2,2,4,spring,4,h000001,7,패밀리 무드 ON 스탠다드러
남,20,1,2,1,3,1,서울특별시,제주,나홀로 여행,2,0,6,summer,3,h001582,6,뉴트럴바이브 듀오 스테이러
남,20,1,7,6,1,4,울산광역시,제주,2인 여행(가족 외),2,1,7,summer,4,h002090,4,느슨하게 떠나는 듀오 무드러
여,20,1,3,4,4,3,경기도,제주,2인 여행(가족 외),7,1,7,summer,3,h001603,4,느슨하게 떠나는 듀오 무드러
남,30,1,4,3,1,4,서울특별시,제주,2인 여행(가족 외),2,1,7,summer,3,h001057,6,뉴트럴바이브 듀오 스테이러
여,20,1,3,5,1,4,서울특별시,제주,부모 동반 여행,1,3,6,summer,4,h001063,7,패밀리 무드 ON 스탠다드러
남,20,1,13,1,1,3,충청북도,제주,2인 여행(가족 외),1,1,7,summer,3,h001984,6,뉴트럴바이브 듀오 스테이러
여,20,1,3,3,3,3,충청북도,제주,3인 이상 여행(가족 외),1,2,6,summer,4,h000835,7,패밀리 무드 ON 스탠다드러
남,20,1,3,4,4,7,경기도,제주,2인 여행(가족 외),3,1,6,summer,3,h000629,4,느슨하게 떠나는 듀오 무드러
여,40,1,3,5,1,2,서울특별시,제주,2인 여행(가족 외),2,1,6,summer,3,h000595,4,느슨하게 떠나는 듀오 무드러
남,40,2,3,5,1,2,서울특별시,제주,3인 이상 여행(가족 외),2,2,6,summer,5,h000334,4,느슨하게 떠나는 듀오 무드러
여,20,1,2,4,1,1,제주특별자치도,제주,나홀로 여행,2,0,7,summer,3,h002035,6,뉴트럴바이브 듀오 스테이러
남,40,1,3,5,2,4,제주특별자치도,제주,나홀로 여행,2,0,6,summer,1,h001065,3,솔로감성 잠깐 리프레시러
여,20,1,4,2,1,1,대구광역시,제주,2인 여행(가족 외),2,1,6,summer,3,h000690,6,뉴트럴바이브 듀오 스테이러
여,30,1,12,1,3,6,대구광역시,제주,3인 이상 여행(가족 외),1,3,7,summer,3,h001429,7,패밀리 무드 ON 스탠다드러
여,30,1,3,6,2,3,대전광역시,제주,나홀로 여행,10,0,6,summer,4,h000473,4,느슨하게 떠나는 듀오 무드러
여,40,1,3,3,4,3,인천광역시,제주,2인 가족 여행,2,1,7,summer,3,h001905,6,뉴트럴바이브 듀오 스테이러
남,20,1,3,4,2,6,서울특별시,제주,2인 여행(가족 외),5,1,6,summer,3,h000677,4,느슨하게 떠나는 듀오 무드러
남,30,1,3,4,1,6,충청남도,제주,2인 여행(가족 외),3,1,6,summer,4,h001382,4,느슨하게 떠나는 듀오 무드러
남,30,1,12,1,2,2,경기도,제주,2인 가족 여행,3,1,7,summer,4,h001140,6,뉴트럴바이브 듀오 스테이러
남,50,2,2,7,1,6,경기도,제주,3인 이상 여행(가족 외),2,3,6,summer,5,h000815,5,차분템포 자연수집 패밀리
여,30,2,11,1,2,1,서울특별시,제주,자녀 동반 여행,4,4,6,summer,3,h000745,7,패밀리 무드 ON 스탠다드러
남,30,1,3,2,4,7,제주특별자치도,제주,나홀로 여행,1,0,7,summer,3,h001672,6,뉴트럴바이브 듀오 스테이러
남,20,1,13,1,1,4,서울특별시,제주,2인 가족 여행,1,1,7,summer,3,h001428,6,뉴트럴바이브 듀오 스테이러
여,40,2,11,1,2,1,경상북도,제주,자녀 동반 여행,1,3,6,summer,5,h000837,7,패밀리 무드 ON 스탠다드러
여,20,1,3,2,2,3,서울특별시,제주,나홀로 여행,2,0,6,summer,3,h001322,6,뉴트럴바이브 듀오 스테이러
여,40,5,5,6,1,4,제주특별자치도,제주,자녀 동반 여행,3,2,6,summer,1,h001074,1,자연집중 번개여행 패밀리
여,30,1,4,6,3,1,전라남도,제주,2인 여행(가족 외),6,1,6,summer,4,h000455,4,느슨하게 떠나는 듀오 무드러
여,30,1,3,6,2,5,서울특별시,제주,나홀로 여행,2,0,6,summer,6,h000553,4,느슨하게 떠나는 듀오 무드러
남,20,1,12,2,2,2,충청남도,제주,나홀로 여행,7,0,7,summer,3,h001683,6,뉴트럴바이브 듀오 스테이러
여,40,2,4,1,2,1,경기도,제주,자녀 동반 여행,3,3,6,summer,3,h001253,7,패밀리 무드 ON 스탠다드러
여,50,2,13,4,1,2,부산광역시,제주,자녀 동반 여행,7,2,5,spring,5,h000020,7,패밀리 무드 ON 스탠다드러
여,30,2,2,3,2,4,경기도,제주,나홀로 여행,2,0,6,summer,3,h000143,4,느슨하게 떠나는 듀오 무드러
여,30,1,2,4,4,4,대구광역시,제주,2인 여행(가족 외),3,1,6,summer,4,h001473,4,느슨하게 떠나는 듀오 무드러
남,20,1,3,4,1,2,인천광역시,제주,2인 여행(가족 외),2,1,6,summer,3,h001560,4,느슨하게 떠나는 듀오 무드러
여,20,1,12,1,8,5,인천광역시,제주,나홀로 여행,2,0,6,summer,3,h000834,2,탐험 ON한 듀오 트래블러
여,30,2,4,6,3,3,서울특별시,제주,자녀 동반 여행,9,3,7,summer,3,h001224,7,패밀리 무드 ON 스탠다드러
남,30,2,3,3,3,5,부산광역시,제주,자녀 동반 여행,3,2,7,summer,4,h002029,7,패밀리 무드 ON 스탠다드러
남,50,2,2,12,4,2,경기도,제주,자녀 동반 여행,3,3,6,summer,6,h000740,5,차분템포 자연수집 패밀리
남,30,1,3,4,1,4,서울특별시,제주,2인 여행(가족 외),2,1,7,summer,4,h001752,4,느슨하게 떠나는 듀오 무드러
여,20,1,2,4,3,5,광주광역시,제주,2인 여행(가족 외),5,1,6,summer,3,h001233,4,느슨하게 떠나는 듀오 무드러
여,20,1,3,6,1,2,서울특별시,제주,2인 여행(가족 외),2,1,6,summer,3,h001518,4,느슨하게 떠나는 듀오 무드러
여,20,1,3,4,2,1,서울특별시,제주,2인 여행(가족 외),1,1,7,summer,3,h001451,4,느슨하게 떠나는 듀오 무드러
남,30,1,3,5,5,6,경기도,제주,2인 여행(가족 외),2,1,5,spring,6,h000322,4,느슨하게 떠나는 듀오 무드러
여,20,1,2,4,1,3,서울특별시,제주,나홀로 여행,1,0,6,summer,3,h001391,4,느슨하게 떠나는 듀오 무드러
여,20,1,3,4,4,3,서울특별시,제주,나홀로 여행,4,0,6,summer,6,h001242,4,느슨하게 떠나는 듀오 무드러
여,20,1,3,4,2,4,경기도,제주,2인 여행(가족 외),1,1,6,summer,3,h000521,4,느슨하게 떠나는 듀오 무드러
여,50,2,4,3,3,4,서울특별시,제주,자녀 동반 여행,8,1,6,summer,3,h000494,4,느슨하게 떠나는 듀오 무드러
여,40,2,3,4,1,1,부산광역시,제주,2인 여행(가족 외),1,1,7,summer,3,h001819,4,느슨하게 떠나는 듀오 무드러
남,20,1,3,5,2,5,경기도,제주,3인 이상 여행(가족 외),2,2,7,summer,2,h002133,1,자연집중 번개여행 패밀리
여,60,2,2,3,5,2,서울특별시,제주,3대 동반 여행(친척 포함),2,4,6,summer,4,h000171,7,패밀리 무드 ON 스탠다드러
여,20,1,12,2,2,3,경기도,제주,부모 동반 여행,5,3,6,summer,3,h001538,7,패밀리 무드 ON 스탠다드러
여,40,1,2,4,8,2,서울특별시,제주,2인 여행(가족 외),4,1,6,summer,4,h001666,2,탐험 ON한 듀오 트래블러
여,30,2,11,1,1,6,경기도,제주,자녀 동반 여행,2,2,7,summer,6,h001726,7,패밀리 무드 ON 스탠다드러
여,20,1,12,2,1,6,제주특별자치도,제주,나홀로 여행,8,0,7,summer,2,h001838,3,솔로감성 잠깐 리프레시러
남,40,2,11,2,3,4,제주특별자치도,제주,자녀 동반 여행,1,2,6,summer,1,h001614,1,자연집중 번개여행 패밀리
남,30,2,13,12,1,4,경기도,제주,자녀 동반 여행,1,3,7,summer,7,h001516,5,차분템포 자연수집 패밀리
남,30,1,12,2,2,5,서울특별시,제주,2인 여행(가족 외),3,1,6,summer,4,h001250,6,뉴트럴바이브 듀오 스테이러
여,50,2,11,1,1,4,경상남도,제주,자녀 동반 여행,7,2,6,summer,4,h000760,7,패밀리 무드 ON 스탠다드러
여,40,1,3,5,1,4,울산광역시,제주,2인 여행(가족 외),1,1,6,summer,3,h000873,4,느슨하게 떠나는 듀오 무드러
여,40,2,3,5,4,2,서울특별시,제주,나홀로 여행,4,0,7,summer,3,h001768,4,느슨하게 떠나는 듀오 무드러
여,20,1,3,3,6,3,광주광역시,제주,나홀로 여행,2,0,7,summer,7,h001373,2,탐험 ON한 듀오 트래블러
여,20,1,3,9,4,6,서울특별시,제주,3인 이상 여행(가족 외),1,3,6,summer,4,h001184,5,차분템포 자연수집 패밀리
여,50,1,2,8,1,1,서울특별시,제주,부모 동반 여행,3,5,6,summer,4,h000482,0,자연에 진심인 힐링패밀리
남,40,2,2,8,2,4,경상북도,제주,3대 동반 여행(친척 포함),2,5,6,summer,6,h001612,5,차분템포 자연수집 패밀리
여,20,1,2,4,4,1,충청북도,제주,나홀로 여행,4,0,7,summer,3,h001697,4,느슨하게 떠나는 듀오 무드러
남,30,1,2,1,3,1,경기도,제주,2인 여행(가족 외),2,1,6,summer,4,h001497,6,뉴트럴바이브 듀오 스테이러
여,20,1,3,4,1,4,대구광역시,제주,2인 가족 여행,5,1,7,summer,3,h001844,4,느슨하게 떠나는 듀오 무드러
남,30,2,3,7,2,3,서울특별시,제주,2인 가족 여행,9,1,6,summer,3,h000173,5,차분템포 자연수집 패밀리
남,20,1,2,5,2,2,대구광역시,제주,나홀로 여행,7,0,7,summer,4,h001991,4,느슨하게 떠나는 듀오 무드러
남,30,1,12,2,5,4,서울특별시,제주,2인 여행(가족 외),9,1,6,summer,1,h000571,3,솔로감성 잠깐 리프레시러
여,30,1,12,2,1,6,경기도,제주,3인 이상 여행(가족 외),2,4,7,summer,4,h000821,7,패밀리 무드 ON 스탠다드러
여,30,2,2,5,2,5,서울특별시,제주,2인 가족 여행,3,1,6,summer,3,h001750,4,느슨하게 떠나는 듀오 무드러
남,20,1,4,4,1,2,대전광역시,제주,나홀로 여행,2,0,5,spring,3,h000106,4,느슨하게 떠나는 듀오 무드러
남,50,1,1,9,4,2,서울특별시,제주,나홀로 여행,4,0,7,summer,4,h001200,5,차분템포 자연수집 패밀리
여,50,2,4,3,2,2,서울특별시,제주,3대 동반 여행(친척 포함),3,3,6,summer,8,h001288,7,패밀리 무드 ON 스탠다드러
여,50,2,2,2,10,4,경상북도,제주,3대 동반 여행(친척 포함),3,4,6,summer,8,h000899,2,탐험 ON한 듀오 트래블러
남,50,2,1,12,4,3,서울특별시,제주,2인 여행(가족 외),3,1,6,summer,3,h000301,5,차분템포 자연수집 패밀리
여,20,1,3,3,1,6,경기도,제주,2인 여행(가족 외),3,1,6,summer,3,h001511,4,느슨하게 떠나는 듀오 무드러
남,30,1,13,4,1,1,인천광역시,제주,2인 여행(가족 외),3,1,7,summer,3,h001581,4,느슨하게 떠나는 듀오 무드러
남,40,1,13,6,2,2,경기도,제주,2인 여행(가족 외),2,1,6,summer,3,h001207,4,느슨하게 떠나는 듀오 무드러
여,30,1,2,4,7,1,경기도,제주,부모 동반 여행,2,4,7,summer,3,h001493,2,탐험 ON한 듀오 트래블러
남,40,2,1,8,4,3,서울특별시,제주,2인 가족 여행,2,1,7,summer,3,h001643,5,차분템포 자연수집 패밀리
남,40,2,2,4,10,2,강원도,제주,자녀 동반 여행,2,2,7,summer,3,h001690,2,탐험 ON한 듀오 트래블러
여,40,2,3,5,3,2,서울특별시,제주,자녀 동반 여행,2,2,6,summer,4,h001330,4,느슨하게 떠나는 듀오 무드러
여,20,1,3,5,1,4,인천광역시,제주,나홀로 여행,2,0,6,summer,3,h001528,4,느슨하게 떠나는 듀오 무드러
남,50,2,11,1,2,1,서울특별시,제주,3대 동반 여행(친척 포함),8,4,5,spring,3,h000125,7,패밀리 무드 ON 스탠다드러
여,30,1,3,6,5,6,경기도,제주,나홀로 여행,1,0,6,summer,4,h001205,4,느슨하게 떠나는 듀오 무드러
남,20,1,3,4,3,6,서울특별시,제주,2인 여행(가족 외),1,1,6,summer,2,h001160,4,느슨하게 떠나는 듀오 무드러
여,20,1,3,5,1,3,서울특별시,제주,3인 이상 여행(가족 외),3,2,6,summer,3,h001270,4,느슨하게 떠나는 듀오 무드러
여,30,1,4,3,4,1,서울특별시,제주,나홀로 여행,1,0,5,spring,3,h000080,4,느슨하게 떠나는 듀오 무드러
여,50,2,4,4,1,1,세종특별자치시,제주,3대 동반 여행(친척 포함),3,3,7,summer,3,h000616,7,패밀리 무드 ON 스탠다드러
여,30,1,2,5,5,4,전라북도,제주,2인 여행(가족 외),2,1,7,summer,4,h001078,4,느슨하게 떠나는 듀오 무드러
남,40,2,1,8,1,2,제주특별자치도,제주,3인 이상 여행(가족 외),1,2,7,summer,2,h001865,5,차분템포 자연수집 패밀리
여,20,1,4,4,1,2,부산광역시,제주,2인 여행(가족 외),6,1,6,summer,5,h000852,4,느슨하게 떠나는 듀오 무드러
남,30,1,3,3,3,4,충청남도,제주,나홀로 여행,1,0,6,summer,4,h000724,4,느슨하게 떠나는 듀오 무드러
여,30,1,3,5,1,6,인천광역시,제주,2인 여행(가족 외),2,1,5,spring,3,h000124,4,느슨하게 떠나는 듀오 무드러
여,20,1,3,4,4,3,서울특별시,제주,나홀로 여행,2,0,5,spring,4,h000113,4,느슨하게 떠나는 듀오 무드러
남,20,1,3,3,1,3,경상남도,제주,2인 여행(가족 외),2,1,5,spring,5,h000172,6,뉴트럴바이브 듀오 스테이러
남,50,2,2,7,4,2,경기도,제주,3대 동반 여행(친척 포함),3,4,7,summer,5,h002113,5,차분템포 자연수집 패밀리
여,30,2,3,5,5,3,제주특별자치도,제주,2인 가족 여행,2,1,6,summer,3,h001131,4,느슨하게 떠나는 듀오 무드러
여,50,1,3,5,6,2,서울특별시,제주,2인 여행(가족 외),2,1,6,summer,3,h001372,2,탐험 ON한 듀오 트래블러
여,40,2,2,4,4,3,경기도,제주,3인 이상 여행(가족 외),2,3,7,summer,4,h002006,7,패밀리 무드 ON 스탠다드러
남,30,2,3,3,1,2,제주특별자치도,제주,나홀로 여행,2,0,6,summer,1,h001245,3,솔로감성 잠깐 리프레시러
남,20,1,12,1,2,4,전라남도,제주,2인 여행(가족 외),2,1,6,summer,4,h001054,6,뉴트럴바이브 듀오 스테이러
여,60,2,1,3,2,2,제주특별자치도,제주,2인 여행(가족 외),1,1,7,summer,3,h001705,4,느슨하게 떠나는 듀오 무드러
여,40,2,3,4,1,1,서울특별시,제주,나홀로 여행,4,0,7,summer,3,h001935,4,느슨하게 떠나는 듀오 무드러
남,20,1,12,2,4,2,경기도,제주,3인 이상 여행(가족 외),3,3,7,summer,5,h002099,7,패밀리 무드 ON 스탠다드러
여,20,1,12,2,6,5,서울특별시,제주,3인 이상 여행(가족 외),2,2,6,summer,4,h001255,2,탐험 ON한 듀오 트래블러
여,50,2,3,5,2,2,경상남도,제주,2인 여행(가족 외),1,1,6,summer,3,h000763,4,느슨하게 떠나는 듀오 무드러
여,20,1,12,3,4,5,광주광역시,제주,3인 이상 여행(가족 외),1,2,7,summer,3,h001695,6,뉴트럴바이브 듀오 스테이러
남,30,1,12,2,4,2,강원도,제주,2인 여행(가족 외),3,1,6,summer,4,h001481,6,뉴트럴바이브 듀오 스테이러
남,20,1,3,4,4,1,전라북도,제주,2인 여행(가족 외),2,1,7,summer,3,h001955,6,뉴트럴바이브 듀오 스테이러
여,30,1,2,1,1,6,강원도,제주,3인 이상 여행(가족 외),10,3,6,summer,4,h001326,7,패밀리 무드 ON 스탠다드러
여,20,1,2,3,1,1,대구광역시,제주,2인 가족 여행,1,1,6,summer,3,h001252,6,뉴트럴바이브 듀오 스테이러
남,50,2,4,7,1,1,서울특별시,제주,2인 여행(가족 외),3,1,6,summer,3,h001124,5,차분템포 자연수집 패밀리
남,40,2,2,6,2,2,제주특별자치도,제주,자녀 동반 여행,7,3,7,summer,1,h000799,1,자연집중 번개여행 패밀리
여,50,2,1,6,5,1,서울특별시,제주,자녀 동반 여행,2,2,6,summer,4,h000898,5,차분템포 자연수집 패밀리
여,30,1,2,4,3,4,부산광역시,제주,나홀로 여행,1,0,7,summer,5,h001663,4,느슨하게 떠나는 듀오 무드러
여,20,1,13,5,1,5,서울특별시,제주,나홀로 여행,1,0,5,spring,3,h000076,4,느슨하게 떠나는 듀오 무드러
여,30,1,2,4,1,1,인천광역시,제주,2인 여행(가족 외),10,1,6,summer,3,h000723,4,느슨하게 떠나는 듀오 무드러
여,20,1,2,4,2,1,경기도,제주,부모 동반 여행,2,2,8,summer,4,h002129,6,뉴트럴바이브 듀오 스테이러
여,50,4,2,4,1,1,광주광역시,제주,2인 여행(가족 외),3,1,6,summer,3,h000597,4,느슨하게 떠나는 듀오 무드러
남,20,1,10,2,4,5,경기도,제주,나홀로 여행,4,0,7,summer,4,h001914,6,뉴트럴바이브 듀오 스테이러
여,40,2,11,1,4,1,충청남도,제주,2인 가족 여행,3,1,6,summer,4,h001293,6,뉴트럴바이브 듀오 스테이러
여,20,1,5,4,2,3,경기도,제주,나홀로 여행,1,0,6,summer,3,h001218,4,느슨하게 떠나는 듀오 무드러
남,30,1,12,2,5,6,경상남도,제주,2인 여행(가족 외),2,1,6,summer,4,h000627,6,뉴트럴바이브 듀오 스테이러
여,20,1,2,4,1,1,서울특별시,제주,2인 여행(가족 외),3,1,6,summer,5,h001404,4,느슨하게 떠나는 듀오 무드러
남,30,1,13,3,1,7,경기도,제주,나홀로 여행,5,0,5,spring,3,h000073,4,느슨하게 떠나는 듀오 무드러
남,40,2,2,6,1,3,제주특별자치도,제주,2인 가족 여행,1,1,6,summer,1,h001287,1,자연집중 번개여행 패밀리
남,20,1,12,1,5,1,부산광역시,제주,2인 여행(가족 외),3,1,7,summer,3,h002140,6,뉴트럴바이브 듀오 스테이러
남,40,2,7,6,5,3,충청남도,제주,3대 동반 여행(친척 포함),3,6,7,summer,5,h002027,0,자연에 진심인 힐링패밀리
여,40,1,2,4,2,5,서울특별시,제주,나홀로 여행,7,0,6,summer,5,h001668,4,느슨하게 떠나는 듀오 무드러
여,50,2,1,5,1,1,제주특별자치도,제주,3인 이상 여행(가족 외),3,2,6,summer,2,h000150,1,자연집중 번개여행 패밀리
여,20,1,12,1,2,6,경상북도,제주,나홀로 여행,1,0,7,summer,3,h002014,6,뉴트럴바이브 듀오 스테이러
여,20,1,3,4,1,6,대구광역시,제주,나홀로 여행,5,0,6,summer,4,h000194,4,느슨하게 떠나는 듀오 무드러
남,40,1,13,5,1,2,서울특별시,제주,2인 여행(가족 외),1,1,7,summer,3,h002046,4,느슨하게 떠나는 듀오 무드러
여,20,1,12,1,2,1,제주특별자치도,제주,2인 여행(가족 외),2,1,7,summer,2,h001240,6,뉴트럴바이브 듀오 스테이러
남,30,2,2,5,2,6,경상남도,제주,2인 가족 여행,9,1,6,summer,3,h001292,4,느슨하게 떠나는 듀오 무드러
여,50,2,2,4,2,1,서울특별시,제주,2인 가족 여행,2,1,5,spring,4,h000069,4,느슨하게 떠나는 듀오 무드러
여,50,2,11,2,5,4,경기도,제주,자녀 동반 여행,2,2,6,summer,5,h001182,7,패밀리 무드 ON 스탠다드러
여,40,2,11,2,3,4,경기도,제주,3대 동반 여행(친척 포함),9,7,6,summer,3,h000475,0,자연에 진심인 힐링패밀리
여,40,2,3,3,10,2,서울특별시,제주,3인 이상 여행(가족 외),2,2,6,summer,3,h000008,2,탐험 ON한 듀오 트래블러
남,40,1,3,4,4,2,서울특별시,제주,2인 여행(가족 외),2,1,6,summer,3,h001392,4,느슨하게 떠나는 듀오 무드러
여,40,2,3,4,5,2,경기도,제주,자녀 동반 여행,1,10,6,summer,4,h001230,0,자연에 진심인 힐링패밀리
여,20,1,12,2,4,1,대전광역시,제주,2인 여행(가족 외),2,1,6,summer,3,h001314,6,뉴트럴바이브 듀오 스테이러
남,50,2,1,7,1,1,서울특별시,제주,3인 이상 여행(가족 외),3,3,6,summer,4,h000158,5,차분템포 자연수집 패밀리
남,20,1,12,2,2,1,부산광역시,제주,2인 가족 여행,7,1,7,summer,3,h001478,6,뉴트럴바이브 듀오 스테이러
여,30,1,3,7,4,2,서울특별시,제주,나홀로 여행,4,0,6,summer,4,h000549,4,느슨하게 떠나는 듀오 무드러
남,30,2,7,4,1,6,제주특별자치도,제주,자녀 동반 여행,2,3,7,summer,3,h002119,7,패밀리 무드 ON 스탠다드러
남,30,1,2,5,8,1,서울특별시,제주,나홀로 여행,4,0,5,spring,3,h000055,2,탐험 ON한 듀오 트래블러
여,20,1,12,1,1,1,제주특별자치도,제주,3인 이상 여행(가족 외),2,2,7,summer,2,h002048,6,뉴트럴바이브 듀오 스테이러
남,40,2,1,7,1,1,제주특별자치도,제주,나홀로 여행,1,0,5,spring,2,h000062,3,솔로감성 잠깐 리프레시러
여,40,1,8,6,3,3,충청북도,제주,나홀로 여행,2,0,6,summer,4,h000921,4,느슨하게 떠나는 듀오 무드러
남,30,1,12,2,1,5,경기도,제주,2인 여행(가족 외),2,1,6,summer,3,h001102,6,뉴트럴바이브 듀오 스테이러
여,40,1,3,4,2,2,대전광역시,제주,2인 여행(가족 외),1,1,7,summer,2,h001820,4,느슨하게 떠나는 듀오 무드러
여,20,1,4,4,2,4,제주특별자치도,제주,3인 이상 여행(가족 외),2,3,6,summer,2,h000861,1,자연집중 번개여행 패밀리
여,20,1,3,4,2,2,서울특별시,제주,3인 이상 여행(가족 외),1,3,7,summer,5,h001570,7,패밀리 무드 ON 스탠다드러
여,20,1,2,4,1,3,경기도,제주,2인 여행(가족 외),1,1,6,summer,4,h000805,4,느슨하게 떠나는 듀오 무드러
여,50,2,3,3,1,1,울산광역시,제주,2인 여행(가족 외),2,1,6,summer,4,h000609,6,뉴트럴바이브 듀오 스테이러
여,30,1,3,4,4,2,울산광역시,제주,나홀로 여행,2,0,6,summer,5,h000353,4,느슨하게 떠나는 듀오 무드러
여,30,1,12,1,2,1,부산광역시,제주,2인 여행(가족 외),1,1,7,summer,3,h001789,6,뉴트럴바이브 듀오 스테이러
남,30,1,4,4,1,4,제주특별자치도,제주,나홀로 여행,5,0,6,summer,2,h000881,3,솔로감성 잠깐 리프레시러
여,30,1,12,2,4,3,서울특별시,제주,2인 여행(가족 외),3,1,6,summer,4,h001306,6,뉴트럴바이브 듀오 스테이러
남,20,1,12,1,2,4,경기도,제주,부모 동반 여행,3,3,6,summer,3,h001737,7,패밀리 무드 ON 스탠다드러
여,30,1,3,6,4,2,경기도,제주,나홀로 여행,2,0,6,summer,8,h000074,4,느슨하게 떠나는 듀오 무드러
여,30,1,3,4,4,1,충청북도,제주,2인 여행(가족 외),1,1,6,summer,6,h001434,4,느슨하게 떠나는 듀오 무드러
여,20,1,12,2,1,4,서울특별시,제주,3인 이상 여행(가족 외),5,4,7,summer,2,h001279,7,패밀리 무드 ON 스탠다드러
여,20,1,3,5,2,6,제주특별자치도,제주,나홀로 여행,1,0,5,spring,3,h000034,4,느슨하게 떠나는 듀오 무드러
남,40,1,9,5,4,1,전라북도,제주,나홀로 여행,1,0,8,summer,3,h002165,4,느슨하게 떠나는 듀오 무드러
여,20,1,12,2,3,3,부산광역시,제주,3인 이상 여행(가족 외),10,2,5,spring,3,h000312,6,뉴트럴바이브 듀오 스테이러
남,20,1,12,2,5,1,경상남도,제주,2인 여행(가족 외),2,1,6,summer,4,h001574,6,뉴트럴바이브 듀오 스테이러
여,30,2,3,6,1,1,서울특별시,제주,자녀 동반 여행,1,3,5,spring,4,h000058,7,패밀리 무드 ON 스탠다드러
여,20,1,2,6,1,4,서울특별시,제주,2인 여행(가족 외),1,1,6,summer,3,h000601,4,느슨하게 떠나는 듀오 무드러
남,50,2,2,9,6,2,경기도,제주,나홀로 여행,1,0,5,spring,5,h000130,5,차분템포 자연수집 패밀리
여,40,2,3,4,2,4,부산광역시,제주,2인 가족 여행,3,1,6,summer,4,h000652,4,느슨하게 떠나는 듀오 무드러
여,20,1,12,2,2,3,부산광역시,제주,2인 여행(가족 외),1,1,6,summer,4,h001236,6,뉴트럴바이브 듀오 스테이러
남,30,2,2,4,1,3,서울특별시,제주,자녀 동반 여행,1,3,7,summer,2,h001336,1,자연집중 번개여행 패밀리
여,20,1,13,2,2,4,부산광역시,제주,나홀로 여행,2,0,6,summer,3,h001354,6,뉴트럴바이브 듀오 스테이러
여,30,1,12,1,3,3,강원도,제주,2인 가족 여행,7,1,7,summer,5,h001731,6,뉴트럴바이브 듀오 스테이러
여,50,2,11,4,3,1,서울특별시,제주,나홀로 여행,7,0,5,spring,3,h000095,4,느슨하게 떠나는 듀오 무드러
여,40,2,2,5,1,1,부산광역시,제주,3인 이상 여행(가족 외),3,2,7,summer,6,h001910,7,패밀리 무드 ON 스탠다드러
남,40,1,6,3,3,2,충청남도,제주,2인 여행(가족 외),3,1,7,summer,5,h002208,4,느슨하게 떠나는 듀오 무드러
여,20,1,12,3,3,4,인천광역시,제주,부모 동반 여행,7,2,7,summer,3,h001234,6,뉴트럴바이브 듀오 스테이러
여,20,1,3,5,1,1,인천광역시,제주,2인 여행(가족 외),5,1,6,summer,3,h000705,4,느슨하게 떠나는 듀오 무드러
남,50,2,2,7,2,2,경기도,제주,부모 동반 여행,9,5,6,summer,5,h000097,0,자연에 진심인 힐링패밀리
여,50,2,11,1,5,5,전라남도,제주,자녀 동반 여행,3,4,6,summer,3,h000855,7,패밀리 무드 ON 스탠다드러
여,20,1,12,2,4,3,대구광역시,제주,나홀로 여행,2,0,6,summer,4,h001187,6,뉴트럴바이브 듀오 스테이러
남,40,1,2,6,2,3,광주광역시,제주,2인 여행(가족 외),2,1,6,summer,4,h000917,4,느슨하게 떠나는 듀오 무드러
여,30,1,3,10,1,2,제주특별자치도,제주,나홀로 여행,1,0,7,summer,1,h001616,5,차분템포 자연수집 패밀리
여,30,1,2,1,2,4,경기도,제주,부모 동반 여행,9,3,6,summer,3,h001210,7,패밀리 무드 ON 스탠다드러
여,40,2,2,6,1,1,대구광역시,제주,자녀 동반 여행,3,6,6,summer,4,h000321,0,자연에 진심인 힐링패밀리
여,30,1,2,4,1,3,제주특별자치도,제주,나홀로 여행,2,0,6,summer,3,h001329,4,느슨하게 떠나는 듀오 무드러
남,50,2,4,5,4,2,경상북도,제주,2인 여행(가족 외),2,1,6,summer,3,h000583,4,느슨하게 떠나는 듀오 무드러
남,40,2,3,6,5,1,서울특별시,제주,2인 가족 여행,3,1,5,spring,3,h000138,4,느슨하게 떠나는 듀오 무드러
남,20,1,3,1,2,2,경기도,제주,나홀로 여행,7,0,6,summer,3,h000518,6,뉴트럴바이브 듀오 스테이러
여,40,1,4,6,3,6,제주특별자치도,제주,부모 동반 여행,1,1,6,summer,1,h000722,3,솔로감성 잠깐 리프레시러
남,30,2,2,6,1,4,인천광역시,제주,자녀 동반 여행,3,2,7,summer,3,h001976,5,차분템포 자연수집 패밀리
여,60,1,2,4,2,3,서울특별시,제주,자녀 동반 여행,1,2,6,summer,3,h001280,4,느슨하게 떠나는 듀오 무드러
남,20,1,3,5,1,4,대전광역시,제주,3인 이상 여행(가족 외),9,4,5,spring,4,h000098,7,패밀리 무드 ON 스탠다드러
여,30,1,3,4,3,1,대전광역시,제주,2인 여행(가족 외),3,1,6,summer,5,h000103,4,느슨하게 떠나는 듀오 무드러
남,20,1,2,4,6,2,서울특별시,제주,2인 여행(가족 외),2,1,6,summer,3,h000461,2,탐험 ON한 듀오 트래블러
여,20,1,2,4,10,3,경상남도,제주,2인 여행(가족 외),2,1,6,summer,3,h000653,2,탐험 ON한 듀오 트래블러
남,20,1,3,4,4,2,서울특별시,제주,2인 여행(가족 외),3,1,7,summer,3,h001873,4,느슨하게 떠나는 듀오 무드러
남,20,1,2,4,2,2,대전광역시,제주,나홀로 여행,7,0,6,summer,5,h001467,4,느슨하게 떠나는 듀오 무드러
여,20,1,12,1,4,5,경상북도,제주,2인 여행(가족 외),5,1,7,summer,3,h001247,6,뉴트럴바이브 듀오 스테이러
여,50,2,4,4,2,1,서울특별시,제주,3인 이상 가족 여행(친척 포함),1,4,5,spring,4,h000176,7,패밀리 무드 ON 스탠다드러
남,30,1,1,12,1,4,충청남도,제주,나홀로 여행,2,0,6,summer,4,h001079,5,차분템포 자연수집 패밀리
남,30,1,3,4,1,1,경기도,제주,2인 여행(가족 외),3,1,6,summer,2,h000498,4,느슨하게 떠나는 듀오 무드러
여,20,1,12,2,1,4,부산광역시,제주,나홀로 여행,4,0,6,summer,6,h000857,6,뉴트럴바이브 듀오 스테이러
남,20,1,3,5,4,3,경기도,제주,나홀로 여행,2,0,8,summer,3,h002145,4,느슨하게 떠나는 듀오 무드러
여,40,1,3,4,4,6,서울특별시,제주,2인 여행(가족 외),6,1,6,summer,4,h000667,4,느슨하게 떠나는 듀오 무드러
여,40,1,4,4,1,3,제주특별자치도,제주,2인 가족 여행,2,1,6,summer,3,h000590,4,느슨하게 떠나는 듀오 무드러
남,20,1,12,1,3,4,세종특별자치시,제주,2인 여행(가족 외),1,1,7,summer,3,h002130,6,뉴트럴바이브 듀오 스테이러
남,20,1,4,3,6,2,전라남도,제주,2인 여행(가족 외),1,1,6,summer,2,h001537,2,탐험 ON한 듀오 트래블러
여,40,1,2,7,3,4,인천광역시,제주,나홀로 여행,4,0,7,summer,4,h001320,5,차분템포 자연수집 패밀리
여,50,2,3,3,3,1,인천광역시,제주,2인 가족 여행,2,1,6,summer,5,h000719,6,뉴트럴바이브 듀오 스테이러
여,30,2,11,1,1,3,경상남도,제주,3대 동반 여행(친척 포함),3,4,6,summer,3,h000819,7,패밀리 무드 ON 스탠다드러
여,50,2,2,2,3,5,대전광역시,제주,3대 동반 여행(친척 포함),5,3,5,spring,4,h000047,7,패밀리 무드 ON 스탠다드러
여,40,2,2,1,1,4,인천광역시,제주,3인 이상 여행(가족 외),3,2,5,spring,5,h000304,7,패밀리 무드 ON 스탠다드러
여,40,2,3,1,1,1,제주특별자치도,제주,자녀 동반 여행,3,3,7,summer,2,h001519,7,패밀리 무드 ON 스탠다드러
남,20,1,1,4,2,2,인천광역시,제주,나홀로 여행,5,0,7,summer,3,h001436,4,느슨하게 떠나는 듀오 무드러
여,20,1,4,2,1,4,제주특별자치도,제주,3인 이상 여행(가족 외),1,3,6,summer,3,h001101,7,패밀리 무드 ON 스탠다드러
여,20,1,12,1,2,4,서울특별시,제주,3인 이상 여행(가족 외),3,3,7,summer,4,h001796,7,패밀리 무드 ON 스탠다드러
여,40,1,13,3,1,1,제주특별자치도,제주,2인 여행(가족 외),4,1,7,summer,3,h001883,6,뉴트럴바이브 듀오 스테이러
여,20,2,4,4,2,1,제주특별자치도,제주,2인 가족 여행,2,1,7,summer,1,h001533,1,자연집중 번개여행 패밀리
여,30,1,2,6,5,1,서울특별시,제주,2인 여행(가족 외),2,1,6,summer,6,h001620,4,느슨하게 떠나는 듀오 무드러
여,50,1,3,3,2,6,제주특별자치도,제주,2인 여행(가족 외),2,1,6,summer,2,h000904,3,솔로감성 잠깐 리프레시러
여,40,2,3,4,1,1,광주광역시,제주,자녀 동반 여행,1,2,6,summer,3,h001038,7,패밀리 무드 ON 스탠다드러
여,20,1,2,5,4,2,서울특별시,제주,2인 여행(가족 외),2,1,7,summer,5,h001693,4,느슨하게 떠나는 듀오 무드러
여,20,1,12,2,1,3,서울특별시,제주,나홀로 여행,6,0,6,summer,4,h000890,6,뉴트럴바이브 듀오 스테이러
여,30,2,2,1,4,4,서울특별시,제주,자녀 동반 여행,3,3,5,spring,5,h000155,7,패밀리 무드 ON 스탠다드러
여,50,1,2,7,1,3,대구광역시,제주,2인 여행(가족 외),1,1,6,summer,4,h000491,4,느슨하게 떠나는 듀오 무드러
남,50,2,3,8,1,4,서울특별시,제주,자녀 동반 여행,2,2,7,summer,4,h002195,5,차분템포 자연수집 패밀리
남,20,2,3,5,4,2,서울특별시,제주,2인 가족 여행,5,1,6,summer,3,h001129,4,느슨하게 떠나는 듀오 무드러
여,20,1,12,2,4,6,경기도,제주,부모 동반 여행,2,3,6,summer,3,h001458,7,패밀리 무드 ON 스탠다드러
남,30,1,8,6,1,4,경기도,제주,2인 여행(가족 외),3,1,7,summer,3,h000886,4,느슨하게 떠나는 듀오 무드러
남,20,1,2,4,1,2,경기도,제주,2인 여행(가족 외),3,1,7,summer,4,h000648,4,느슨하게 떠나는 듀오 무드러
여,30,2,11,1,5,3,경기도,제주,자녀 동반 여행,9,3,6,summer,3,h001260,7,패밀리 무드 ON 스탠다드러
여,40,2,3,3,2,2,부산광역시,제주,2인 여행(가족 외),2,1,6,summer,3,h001261,4,느슨하게 떠나는 듀오 무드러
남,40,2,3,5,1,3,서울특별시,제주,2인 가족 여행,6,1,5,spring,3,h000009,4,느슨하게 떠나는 듀오 무드러
남,40,2,3,4,1,6,인천광역시,제주,3대 동반 여행(친척 포함),1,3,7,summer,4,h001850,7,패밀리 무드 ON 스탠다드러
여,30,2,2,4,1,4,경기도,제주,나홀로 여행,2,0,6,summer,4,h000123,4,느슨하게 떠나는 듀오 무드러
남,30,1,3,3,3,2,서울특별시,제주,나홀로 여행,7,0,7,summer,3,h002125,4,느슨하게 떠나는 듀오 무드러
여,30,1,3,6,1,1,전라북도,제주,2인 가족 여행,2,1,7,summer,4,h001443,4,느슨하게 떠나는 듀오 무드러
여,20,1,13,4,1,2,경기도,제주,2인 여행(가족 외),7,1,7,summer,3,h001863,4,느슨하게 떠나는 듀오 무드러
여,30,1,12,2,3,2,세종특별자치시,제주,2인 여행(가족 외),2,1,7,summer,3,h001196,6,뉴트럴바이브 듀오 스테이러
여,50,2,2,6,1,2,서울특별시,제주,자녀 동반 여행,1,3,6,summer,4,h000346,5,차분템포 자연수집 패밀리
남,20,1,4,4,1,1,경기도,제주,2인 여행(가족 외),2,1,7,summer,5,h001453,6,뉴트럴바이브 듀오 스테이러
여,20,1,12,3,6,2,서울특별시,제주,2인 여행(가족 외),2,1,6,summer,5,h001662,2,탐험 ON한 듀오 트래블러
남,20,1,12,2,4,2,서울특별시,제주,3인 이상 여행(가족 외),2,3,6,summer,4,h000620,7,패밀리 무드 ON 스탠다드러
남,50,2,8,6,1,1,부산광역시,제주,2인 여행(가족 외),1,1,5,spring,3,h000314,4,느슨하게 떠나는 듀오 무드러
남,20,1,3,5,10,3,충청북도,제주,2인 여행(가족 외),2,1,7,summer,3,h002028,2,탐험 ON한 듀오 트래블러
남,40,1,4,1,1,4,부산광역시,제주,2인 여행(가족 외),4,1,5,spring,3,h000065,6,뉴트럴바이브 듀오 스테이러
남,20,1,12,3,1,4,인천광역시,제주,2인 여행(가족 외),2,1,7,summer,3,h001794,6,뉴트럴바이브 듀오 스테이러
남,30,1,12,1,2,5,경기도,제주,3인 이상 여행(가족 외),3,5,8,summer,3,h002132,7,패밀리 무드 ON 스탠다드러
여,30,1,3,4,3,4,경상남도,제주,2인 여행(가족 외),3,1,7,summer,4,h002083,4,느슨하게 떠나는 듀오 무드러
남,30,2,4,9,1,4,경기도,제주,나홀로 여행,2,0,6,summer,2,h001172,5,차분템포 자연수집 패밀리
여,30,1,2,4,2,1,서울특별시,제주,2인 여행(가족 외),1,1,6,summer,3,h000456,4,느슨하게 떠나는 듀오 무드러
남,40,1,4,4,10,4,경기도,제주,나홀로 여행,1,0,6,summer,4,h000691,2,탐험 ON한 듀오 트래블러
남,40,1,3,4,1,3,경상북도,제주,2인 여행(가족 외),3,1,7,summer,4,h001860,4,느슨하게 떠나는 듀오 무드러
여,20,1,12,1,2,6,충청남도,제주,2인 여행(가족 외),2,1,7,summer,4,h001797,6,뉴트럴바이브 듀오 스테이러
남,20,2,11,2,2,1,부산광역시,제주,3인 이상 여행(가족 외),3,5,6,summer,3,h001152,0,자연에 진심인 힐링패밀리
여,50,2,3,4,2,3,경기도,제주,자녀 동반 여행,3,3,6,summer,4,h001492,7,패밀리 무드 ON 스탠다드러
남,50,2,13,5,2,2,제주특별자치도,제주,2인 가족 여행,1,1,5,spring,1,h000323,3,솔로감성 잠깐 리프레시러
남,20,1,12,3,6,7,서울특별시,제주,2인 여행(가족 외),1,1,6,summer,4,h001096,2,탐험 ON한 듀오 트래블러
여,50,2,11,1,3,4,제주특별자치도,제주,나홀로 여행,1,0,6,summer,1,h000717,3,솔로감성 잠깐 리프레시러
여,30,1,12,2,4,3,서울특별시,제주,2인 여행(가족 외),2,1,7,summer,4,h001719,6,뉴트럴바이브 듀오 스테이러
여,30,1,2,6,5,3,서울특별시,제주,나홀로 여행,7,0,7,summer,3,h002246,4,느슨하게 떠나는 듀오 무드러
남,40,4,4,8,3,4,경기도,제주,자녀 동반 여행,3,1,6,summer,4,h000344,5,차분템포 자연수집 패밀리
여,30,1,12,1,2,4,경기도,제주,2인 여행(가족 외),4,1,6,summer,8,h000534,6,뉴트럴바이브 듀오 스테이러
남,30,1,3,5,6,4,충청북도,제주,2인 여행(가족 외),2,1,6,summer,4,h001415,2,탐험 ON한 듀오 트래블러
여,40,2,7,4,1,3,제주특별자치도,제주,자녀 동반 여행,2,3,6,summer,1,h000487,1,자연집중 번개여행 패밀리
여,40,1,3,4,1,4,제주특별자치도,제주,2인 가족 여행,1,1,7,summer,1,h001703,3,솔로감성 잠깐 리프레시러
여,30,2,2,6,1,5,제주특별자치도,제주,자녀 동반 여행,3,3,6,summer,2,h001203,1,자연집중 번개여행 패밀리
여,30,2,3,1,1,4,서울특별시,제주,자녀 동반 여행,3,3,5,spring,5,h000043,7,패밀리 무드 ON 스탠다드러
남,20,1,12,1,1,4,세종특별자치시,제주,나홀로 여행,4,0,7,summer,3,h001596,6,뉴트럴바이브 듀오 스테이러
남,30,1,4,4,2,4,경기도,제주,2인 여행(가족 외),2,1,6,summer,4,h001275,4,느슨하게 떠나는 듀오 무드러
남,50,2,1,11,2,2,경기도,제주,2인 가족 여행,1,1,7,summer,3,h001482,5,차분템포 자연수집 패밀리
여,20,2,3,4,5,4,서울특별시,제주,2인 가족 여행,2,1,7,summer,3,h001494,2,탐험 ON한 듀오 트래블러
남,30,1,3,6,1,4,경기도,제주,3인 이상 여행(가족 외),7,3,6,summer,3,h001254,5,차분템포 자연수집 패밀리
여,40,2,4,4,3,2,서울특별시,제주,부모 동반 여행,2,4,6,summer,4,h000716,7,패밀리 무드 ON 스탠다드러
여,30,2,4,2,3,1,서울특별시,제주,3대 동반 여행(친척 포함),9,11,6,summer,4,h000630,0,자연에 진심인 힐링패밀리
남,20,1,2,5,3,7,서울특별시,제주,나홀로 여행,4,0,6,summer,3,h001325,4,느슨하게 떠나는 듀오 무드러
여,40,2,3,8,2,1,경기도,제주,나홀로 여행,2,0,6,summer,4,h001471,5,차분템포 자연수집 패밀리
여,40,1,4,4,1,3,서울특별시,제주,3인 이상 여행(가족 외),3,2,6,summer,3,h000874,4,느슨하게 떠나는 듀오 무드러
여,30,1,13,6,1,1,서울특별시,제주,2인 여행(가족 외),1,1,6,summer,4,h001309,4,느슨하게 떠나는 듀오 무드러
여,30,1,2,4,1,2,서울특별시,제주,2인 여행(가족 외),2,1,7,summer,5,h002163,4,느슨하게 떠나는 듀오 무드러
여,20,1,4,1,3,3,광주광역시,제주,나홀로 여행,1,0,6,summer,4,h001081,6,뉴트럴바이브 듀오 스테이러
남,20,1,3,4,1,6,대구광역시,제주,3인 이상 여행(가족 외),1,3,6,summer,3,h000181,7,패밀리 무드 ON 스탠다드러
남,40,2,3,5,3,2,경기도,제주,자녀 동반 여행,3,3,7,summer,4,h002037,7,패밀리 무드 ON 스탠다드러
남,30,1,2,4,1,2,경기도,제주,나홀로 여행,10,0,5,spring,5,h000094,4,느슨하게 떠나는 듀오 무드러
여,40,2,3,4,2,3,울산광역시,제주,3인 이상 여행(가족 외),3,8,6,summer,5,h000877,0,자연에 진심인 힐링패밀리
남,40,2,3,5,30,2,제주특별자치도,제주,자녀 동반 여행,3,2,6,summer,1,h000530,2,탐험 ON한 듀오 트래블러
남,30,1,12,1,5,6,경기도,제주,부모 동반 여행,2,2,6,summer,2,h001739,6,뉴트럴바이브 듀오 스테이러
여,40,2,5,2,3,1,서울특별시,제주,2인 여행(가족 외),3,1,6,summer,3,h001262,6,뉴트럴바이브 듀오 스테이러
여,40,2,3,6,1,6,경기도,제주,자녀 동반 여행,10,2,7,summer,6,h001742,5,차분템포 자연수집 패밀리
남,20,1,3,3,4,1,대전광역시,제주,나홀로 여행,7,0,5,spring,3,h000051,6,뉴트럴바이브 듀오 스테이러
여,40,2,2,6,2,6,광주광역시,제주,3인 이상 여행(가족 외),8,8,8,summer,4,h002042,0,자연에 진심인 힐링패밀리
남,40,1,2,6,2,2,경기도,제주,2인 여행(가족 외),3,1,6,summer,3,h001706,4,느슨하게 떠나는 듀오 무드러
남,30,1,3,5,1,2,광주광역시,제주,2인 여행(가족 외),2,1,6,summer,5,h000922,4,느슨하게 떠나는 듀오 무드러
남,20,1,4,4,1,4,제주특별자치도,제주,나홀로 여행,7,0,6,summer,1,h001602,3,솔로감성 잠깐 리프레시러
여,40,2,11,3,1,6,제주특별자치도,제주,자녀 동반 여행,2,3,5,spring,2,h000307,1,자연집중 번개여행 패밀리
여,20,1,2,5,4,2,제주특별자치도,제주,나홀로 여행,1,0,7,summer,1,h001540,3,솔로감성 잠깐 리프레시러
여,40,2,3,5,1,4,서울특별시,제주,자녀 동반 여행,2,3,7,summer,4,h001849,7,패밀리 무드 ON 스탠다드러
남,20,1,12,1,2,2,경기도,제주,2인 여행(가족 외),2,1,7,summer,4,h001655,6,뉴트럴바이브 듀오 스테이러
여,20,1,2,4,1,3,인천광역시,제주,3인 이상 여행(가족 외),3,3,6,summer,3,h001034,7,패밀리 무드 ON 스탠다드러
여,60,2,2,5,1,4,서울특별시,제주,3인 이상 여행(가족 외),2,3,5,spring,3,h000042,7,패밀리 무드 ON 스탠다드러
남,20,2,3,8,2,1,서울특별시,제주,2인 여행(가족 외),3,1,6,summer,3,h001213,5,차분템포 자연수집 패밀리
여,30,2,3,2,4,4,서울특별시,제주,3인 이상 여행(가족 외),2,2,7,summer,3,h001660,7,패밀리 무드 ON 스탠다드러
여,20,1,3,5,5,2,경기도,제주,나홀로 여행,2,0,6,summer,5,h000108,4,느슨하게 떠나는 듀오 무드러
여,40,2,3,7,2,4,대전광역시,제주,자녀 동반 여행,1,3,5,spring,5,h000192,5,차분템포 자연수집 패밀리
여,30,1,3,3,2,4,제주특별자치도,제주,나홀로 여행,2,0,6,summer,1,h001285,3,솔로감성 잠깐 리프레시러
여,30,1,3,4,3,2,경기도,제주,2인 여행(가족 외),9,1,6,summer,3,h001125,4,느슨하게 떠나는 듀오 무드러
여,30,1,3,4,1,2,대구광역시,제주,3인 이상 여행(가족 외),2,2,7,summer,3,h001966,4,느슨하게 떠나는 듀오 무드러
남,20,1,12,3,4,6,부산광역시,제주,3인 이상 여행(가족 외),3,2,6,summer,3,h001366,6,뉴트럴바이브 듀오 스테이러
남,30,2,2,4,2,2,인천광역시,제주,자녀 동반 여행,3,3,6,summer,5,h000588,7,패밀리 무드 ON 스탠다드러
여,40,1,3,4,1,1,인천광역시,제주,부모 동반 여행,2,2,6,summer,4,h000771,4,느슨하게 떠나는 듀오 무드러
여,20,1,12,2,4,5,전라북도,제주,2인 여행(가족 외),1,1,7,summer,3,h001686,6,뉴트럴바이브 듀오 스테이러
여,40,2,3,11,2,4,경기도,제주,자녀 동반 여행,1,2,6,summer,4,h000800,5,차분템포 자연수집 패밀리
여,20,2,11,2,2,1,경기도,제주,자녀 동반 여행,7,2,6,summer,5,h000914,7,패밀리 무드 ON 스탠다드러
여,30,1,2,6,4,2,경기도,제주,나홀로 여행,1,0,5,spring,7,h000086,4,느슨하게 떠나는 듀오 무드러
여,50,2,11,2,1,2,인천광역시,제주,자녀 동반 여행,3,2,6,summer,4,h000678,7,패밀리 무드 ON 스탠다드러
여,30,1,4,3,3,2,경기도,제주,나홀로 여행,1,0,7,summer,3,h001441,4,느슨하게 떠나는 듀오 무드러
여,40,1,3,4,2,1,부산광역시,제주,3인 이상 여행(가족 외),3,2,5,spring,3,h000156,4,느슨하게 떠나는 듀오 무드러
여,40,2,2,4,3,4,서울특별시,제주,3대 동반 여행(친척 포함),1,2,6,summer,4,h001085,7,패밀리 무드 ON 스탠다드러
남,20,1,12,2,4,2,경기도,제주,3인 이상 여행(가족 외),7,3,7,summer,4,h002092,7,패밀리 무드 ON 스탠다드러
남,30,1,6,3,2,4,충청북도,제주,2인 여행(가족 외),3,1,6,summer,5,h000674,4,느슨하게 떠나는 듀오 무드러
남,30,1,8,5,3,5,서울특별시,제주,부모 동반 여행,2,3,6,summer,3,h000689,7,패밀리 무드 ON 스탠다드러
여,50,2,1,8,1,1,전라남도,제주,3인 이상 여행(가족 외),3,2,6,summer,4,h000336,5,차분템포 자연수집 패밀리
남,20,1,4,4,3,4,경기도,제주,2인 여행(가족 외),1,1,6,summer,4,h000551,4,느슨하게 떠나는 듀오 무드러
여,30,1,4,4,4,4,부산광역시,제주,2인 여행(가족 외),2,1,6,summer,4,h000759,4,느슨하게 떠나는 듀오 무드러
여,20,1,2,3,2,2,서울특별시,제주,나홀로 여행,2,0,7,summer,3,h001977,6,뉴트럴바이브 듀오 스테이러
여,50,2,11,3,1,1,부산광역시,제주,3인 이상 여행(가족 외),3,3,7,summer,3,h001543,7,패밀리 무드 ON 스탠다드러
남,40,2,3,9,4,4,경기도,제주,2인 가족 여행,1,1,5,spring,6,h000163,5,차분템포 자연수집 패밀리
남,30,1,2,4,1,1,인천광역시,제주,2인 가족 여행,7,1,7,summer,4,h001803,4,느슨하게 떠나는 듀오 무드러
남,40,2,7,3,1,3,대구광역시,제주,3인 이상 여행(가족 외),7,2,5,spring,4,h000013,7,패밀리 무드 ON 스탠다드러
남,20,1,12,2,1,3,서울특별시,제주,나홀로 여행,2,0,7,summer,3,h001842,6,뉴트럴바이브 듀오 스테이러
남,40,1,2,6,4,2,제주특별자치도,제주,나홀로 여행,8,0,5,spring,1,h000021,3,솔로감성 잠깐 리프레시러
남,30,1,8,5,1,2,충청북도,제주,나홀로 여행,5,0,6,summer,3,h001298,4,느슨하게 떠나는 듀오 무드러
남,20,1,3,4,3,2,부산광역시,제주,나홀로 여행,1,0,5,spring,4,h000120,4,느슨하게 떠나는 듀오 무드러
여,50,2,2,4,2,1,제주특별자치도,제주,3인 이상 여행(가족 외),7,3,7,summer,3,h001229,7,패밀리 무드 ON 스탠다드러
여,50,2,2,4,2,1,부산광역시,제주,2인 여행(가족 외),1,1,6,summer,3,h000337,4,느슨하게 떠나는 듀오 무드러
여,20,1,12,2,1,5,서울특별시,제주,3인 이상 여행(가족 외),1,4,7,summer,3,h002000,7,패밀리 무드 ON 스탠다드러
여,40,2,11,1,6,3,인천광역시,제주,자녀 동반 여행,7,3,6,summer,4,h001156,7,패밀리 무드 ON 스탠다드러
여,40,2,2,4,5,4,제주특별자치도,제주,부모 동반 여행,3,2,7,summer,1,h001541,1,자연집중 번개여행 패밀리
여,20,1,12,3,3,1,서울특별시,제주,2인 여행(가족 외),2,1,7,summer,4,h001730,6,뉴트럴바이브 듀오 스테이러
남,40,2,4,6,2,2,제주특별자치도,제주,자녀 동반 여행,1,3,6,summer,1,h000868,1,자연집중 번개여행 패밀리
남,30,1,2,8,2,3,경기도,제주,2인 여행(가족 외),2,1,5,spring,4,h000025,5,차분템포 자연수집 패밀리
남,40,2,4,7,3,1,제주특별자치도,제주,2인 가족 여행,2,1,7,summer,3,h001978,5,차분템포 자연수집 패밀리
여,30,1,3,3,3,2,광주광역시,제주,2인 여행(가족 외),1,1,7,summer,5,h001913,4,느슨하게 떠나는 듀오 무드러
여,30,1,2,4,1,1,제주특별자치도,제주,나홀로 여행,1,0,7,summer,3,h002196,4,느슨하게 떠나는 듀오 무드러
여,50,2,2,6,2,1,충청북도,제주,자녀 동반 여행,2,3,7,summer,5,h001989,5,차분템포 자연수집 패밀리
여,50,4,4,4,2,1,제주특별자치도,제주,2인 여행(가족 외),3,1,7,summer,1,h002167,1,자연집중 번개여행 패밀리
남,20,1,12,1,5,3,대구광역시,제주,2인 여행(가족 외),3,1,6,summer,3,h000810,6,뉴트럴바이브 듀오 스테이러
여,40,2,3,4,3,5,광주광역시,제주,2인 여행(가족 외),2,1,5,spring,4,h000017,4,느슨하게 떠나는 듀오 무드러
여,50,2,4,4,2,4,제주특별자치도,제주,3인 이상 여행(가족 외),3,3,7,summer,1,h001385,1,자연집중 번개여행 패밀리
여,50,2,11,1,25,6,제주특별자치도,제주,2인 가족 여행,3,1,6,summer,1,h000529,2,탐험 ON한 듀오 트래블러
여,30,2,2,3,1,4,인천광역시,제주,자녀 동반 여행,7,3,6,summer,8,h000645,7,패밀리 무드 ON 스탠다드러
여,20,1,3,4,2,3,경기도,제주,2인 여행(가족 외),3,1,6,summer,5,h000707,4,느슨하게 떠나는 듀오 무드러
여,20,1,12,3,1,6,경기도,제주,2인 여행(가족 외),3,1,7,summer,3,h001462,6,뉴트럴바이브 듀오 스테이러
여,20,1,12,2,4,3,부산광역시,제주,나홀로 여행,2,0,6,summer,4,h001572,6,뉴트럴바이브 듀오 스테이러
여,30,2,3,1,2,4,경상남도,제주,3대 동반 여행(친척 포함),2,4,6,summer,4,h000544,7,패밀리 무드 ON 스탠다드러
여,40,1,3,5,1,3,경상북도,제주,나홀로 여행,2,0,6,summer,3,h000772,4,느슨하게 떠나는 듀오 무드러
여,40,1,3,4,2,1,경상남도,제주,3인 이상 여행(가족 외),7,4,7,summer,3,h001938,7,패밀리 무드 ON 스탠다드러
여,30,1,12,2,1,3,대구광역시,제주,3인 이상 여행(가족 외),1,2,6,summer,3,h001744,6,뉴트럴바이브 듀오 스테이러
남,40,2,3,9,3,1,서울특별시,제주,2인 가족 여행,10,1,6,summer,4,h000037,5,차분템포 자연수집 패밀리
여,30,1,3,4,6,2,경기도,제주,3인 이상 여행(가족 외),3,3,6,summer,4,h001235,7,패밀리 무드 ON 스탠다드러
남,30,2,3,4,8,3,경기도,제주,2인 가족 여행,3,1,6,summer,3,h001535,2,탐험 ON한 듀오 트래블러
남,30,1,3,1,2,6,제주특별자치도,제주,2인 여행(가족 외),2,1,7,summer,1,h001720,3,솔로감성 잠깐 리프레시러
여,20,1,3,4,10,1,대구광역시,제주,나홀로 여행,1,0,6,summer,3,h001303,2,탐험 ON한 듀오 트래블러
남,20,1,12,3,1,2,서울특별시,제주,2인 여행(가족 외),7,1,6,summer,3,h001371,6,뉴트럴바이브 듀오 스테이러
남,30,2,3,5,1,1,대전광역시,제주,자녀 동반 여행,7,3,6,summer,4,h000761,7,패밀리 무드 ON 스탠다드러
여,40,2,4,3,2,2,경상남도,제주,자녀 동반 여행,3,3,6,summer,4,h000756,7,패밀리 무드 ON 스탠다드러
여,40,2,11,1,2,3,경기도,제주,3대 동반 여행(친척 포함),2,5,6,summer,3,h000603,0,자연에 진심인 힐링패밀리
여,20,2,10,3,6,2,강원도,제주,부모 동반 여행,8,7,5,spring,4,h000014,0,자연에 진심인 힐링패밀리
여,30,1,3,3,8,1,경기도,제주,2인 여행(가족 외),3,1,6,summer,4,h000797,2,탐험 ON한 듀오 트래블러
여,30,1,13,4,2,4,강원도,제주,2인 여행(가족 외),1,1,6,summer,3,h001365,4,느슨하게 떠나는 듀오 무드러
남,30,1,3,5,5,2,서울특별시,제주,3인 이상 여행(가족 외),3,3,6,summer,3,h001086,7,패밀리 무드 ON 스탠다드러
남,20,1,12,1,2,4,경기도,제주,3인 이상 여행(가족 외),3,5,7,summer,4,h002114,7,패밀리 무드 ON 스탠다드러
남,30,2,3,4,1,1,제주특별자치도,제주,2인 가족 여행,2,1,6,summer,2,h001566,1,자연집중 번개여행 패밀리
여,50,2,13,2,6,3,제주특별자치도,제주,자녀 동반 여행,3,3,6,summer,3,h000484,7,패밀리 무드 ON 스탠다드러
여,20,1,3,4,5,3,전라남도,제주,나홀로 여행,2,0,7,summer,3,h001755,2,탐험 ON한 듀오 트래블러
여,20,2,3,5,3,2,경기도,제주,2인 가족 여행,3,1,6,summer,3,h000915,4,느슨하게 떠나는 듀오 무드러
남,20,1,1,4,2,2,경기도,제주,3인 이상 여행(가족 외),3,4,7,summer,3,h001416,7,패밀리 무드 ON 스탠다드러
남,30,1,9,4,1,2,경기도,제주,3인 이상 여행(가족 외),3,2,7,summer,4,h001959,4,느슨하게 떠나는 듀오 무드러
여,20,1,4,3,2,4,충청남도,제주,부모 동반 여행,7,3,7,summer,4,h001807,7,패밀리 무드 ON 스탠다드러
여,40,1,3,5,1,2,서울특별시,제주,3인 이상 여행(가족 외),1,3,6,summer,3,h000695,4,느슨하게 떠나는 듀오 무드러
남,40,2,13,2,1,1,제주특별자치도,제주,자녀 동반 여행,5,2,7,summer,1,h001615,1,자연집중 번개여행 패밀리
여,30,2,3,3,1,4,서울특별시,제주,3대 동반 여행(친척 포함),2,4,7,summer,4,h001530,7,패밀리 무드 ON 스탠다드러
여,30,1,2,7,2,2,경기도,제주,2인 여행(가족 외),2,1,6,summer,3,h000788,4,느슨하게 떠나는 듀오 무드러
남,30,1,3,3,5,1,경상북도,제주,부모 동반 여행,3,3,6,summer,2,h001098,7,패밀리 무드 ON 스탠다드러
여,20,1,9,2,4,5,광주광역시,제주,2인 여행(가족 외),9,1,7,summer,4,h001999,6,뉴트럴바이브 듀오 스테이러
여,20,1,12,3,2,4,서울특별시,제주,나홀로 여행,2,0,6,summer,4,h001318,6,뉴트럴바이브 듀오 스테이러
여,20,1,2,4,4,2,서울특별시,제주,2인 여행(가족 외),3,1,6,summer,3,h000324,4,느슨하게 떠나는 듀오 무드러
여,20,1,3,3,6,3,인천광역시,제주,2인 여행(가족 외),5,1,6,summer,3,h000734,2,탐험 ON한 듀오 트래블러
여,20,1,3,3,1,3,서울특별시,제주,나홀로 여행,1,0,6,summer,3,h000038,4,느슨하게 떠나는 듀오 무드러
남,50,2,3,5,2,2,경기도,제주,3인 이상 여행(가족 외),3,3,6,summer,3,h001375,7,패밀리 무드 ON 스탠다드러
여,20,1,2,3,1,3,부산광역시,제주,나홀로 여행,7,0,6,summer,3,h001562,6,뉴트럴바이브 듀오 스테이러
남,40,1,4,4,2,2,제주특별자치도,제주,나홀로 여행,2,0,6,summer,2,h001763,3,솔로감성 잠깐 리프레시러
여,20,1,12,2,2,5,서울특별시,제주,2인 여행(가족 외),10,1,7,summer,3,h002044,6,뉴트럴바이브 듀오 스테이러
여,30,2,2,3,6,4,울산광역시,제주,자녀 동반 여행,3,3,6,summer,5,h000589,7,패밀리 무드 ON 스탠다드러
여,30,2,11,2,2,4,서울특별시,제주,자녀 동반 여행,3,3,5,spring,4,h000104,7,패밀리 무드 ON 스탠다드러
남,20,1,13,2,1,2,인천광역시,제주,2인 여행(가족 외),2,1,6,summer,3,h001117,6,뉴트럴바이브 듀오 스테이러
남,40,2,5,7,1,4,강원도,제주,나홀로 여행,4,0,6,summer,3,h000765,5,차분템포 자연수집 패밀리
여,50,2,2,2,3,2,서울특별시,제주,나홀로 여행,1,0,7,summer,3,h001675,6,뉴트럴바이브 듀오 스테이러
여,40,1,5,4,1,4,서울특별시,제주,2인 여행(가족 외),1,1,6,summer,3,h001106,4,느슨하게 떠나는 듀오 무드러
여,30,1,4,4,3,2,부산광역시,제주,2인 여행(가족 외),7,1,8,summer,3,h002091,4,느슨하게 떠나는 듀오 무드러
여,40,2,2,3,6,1,경기도,제주,자녀 동반 여행,7,3,6,summer,3,h000781,7,패밀리 무드 ON 스탠다드러
남,20,1,12,1,1,1,서울특별시,제주,2인 여행(가족 외),7,1,7,summer,3,h002209,6,뉴트럴바이브 듀오 스테이러
여,20,1,12,1,1,1,충청북도,제주,2인 여행(가족 외),3,1,7,summer,4,h001961,6,뉴트럴바이브 듀오 스테이러
여,40,1,2,5,6,5,강원도,제주,부모 동반 여행,2,3,6,summer,5,h001167,2,탐험 ON한 듀오 트래블러
남,40,1,8,4,6,1,서울특별시,제주,3인 이상 여행(가족 외),3,2,6,summer,3,h001026,2,탐험 ON한 듀오 트래블러
여,40,1,2,10,3,7,경기도,제주,3인 이상 여행(가족 외),3,2,7,summer,3,h001799,5,차분템포 자연수집 패밀리
여,30,2,2,4,1,4,강원도,제주,자녀 동반 여행,3,2,7,summer,5,h001919,7,패밀리 무드 ON 스탠다드러
여,20,1,3,2,2,2,서울특별시,제주,나홀로 여행,1,0,7,summer,3,h001396,6,뉴트럴바이브 듀오 스테이러
여,40,2,2,4,4,2,경기도,제주,자녀 동반 여행,3,2,6,summer,3,h000825,7,패밀리 무드 ON 스탠다드러
여,40,1,4,3,4,4,서울특별시,제주,3인 이상 여행(가족 외),3,2,5,spring,3,h000121,7,패밀리 무드 ON 스탠다드러
남,20,1,13,1,3,5,전라북도,제주,2인 여행(가족 외),3,1,7,summer,4,h002100,6,뉴트럴바이브 듀오 스테이러
남,40,2,2,4,2,2,서울특별시,제주,2인 여행(가족 외),1,1,6,summer,4,h001075,4,느슨하게 떠나는 듀오 무드러
남,50,2,2,3,1,2,경기도,제주,자녀 동반 여행,7,2,7,summer,5,h001767,7,패밀리 무드 ON 스탠다드러
남,30,1,9,4,1,4,경상북도,제주,2인 여행(가족 외),3,1,7,summer,4,h001985,4,느슨하게 떠나는 듀오 무드러
여,40,1,3,3,1,4,서울특별시,제주,3대 동반 여행(친척 포함),2,16,6,summer,4,h001299,0,자연에 진심인 힐링패밀리
여,40,4,2,4,2,6,제주특별자치도,제주,2인 여행(가족 외),3,1,6,summer,2,h000580,1,자연집중 번개여행 패밀리
여,20,1,13,1,4,1,경상남도,제주,3인 이상 여행(가족 외),2,2,6,summer,4,h001023,6,뉴트럴바이브 듀오 스테이러
여,40,2,11,1,3,4,광주광역시,제주,자녀 동반 여행,7,2,6,summer,3,h001198,7,패밀리 무드 ON 스탠다드러
남,50,2,3,6,2,4,경상북도,제주,3인 이상 여행(가족 외),2,2,8,summer,5,h002203,5,차분템포 자연수집 패밀리
여,40,2,3,3,3,2,경상남도,제주,자녀 동반 여행,7,2,6,summer,3,h000773,7,패밀리 무드 ON 스탠다드러
여,30,1,12,1,6,2,대구광역시,제주,2인 여행(가족 외),3,1,8,summer,3,h002095,2,탐험 ON한 듀오 트래블러
여,20,1,12,2,1,2,인천광역시,제주,나홀로 여행,1,0,7,summer,3,h001505,6,뉴트럴바이브 듀오 스테이러
여,20,1,4,2,5,2,경기도,제주,나홀로 여행,4,0,7,summer,3,h001904,6,뉴트럴바이브 듀오 스테이러
여,50,2,11,1,6,4,광주광역시,제주,자녀 동반 여행,1,4,6,summer,3,h000832,7,패밀리 무드 ON 스탠다드러
여,50,2,11,1,5,7,경상남도,제주,2인 여행(가족 외),2,1,7,summer,4,h001903,6,뉴트럴바이브 듀오 스테이러
여,30,1,4,2,3,5,인천광역시,제주,2인 여행(가족 외),1,1,6,summer,4,h000703,6,뉴트럴바이브 듀오 스테이러
여,20,1,3,4,1,2,서울특별시,제주,나홀로 여행,7,0,7,summer,3,h002018,4,느슨하게 떠나는 듀오 무드러
여,50,2,4,2,6,3,인천광역시,제주,3대 동반 여행(친척 포함),3,7,6,summer,3,h001041,0,자연에 진심인 힐링패밀리
남,40,2,2,7,2,2,인천광역시,제주,자녀 동반 여행,6,3,6,summer,4,h000909,5,차분템포 자연수집 패밀리
여,20,1,2,3,10,2,서울특별시,제주,나홀로 여행,7,0,6,summer,3,h001491,2,탐험 ON한 듀오 트래블러
남,40,2,2,3,1,2,강원도,제주,3인 이상 여행(가족 외),9,2,5,spring,3,h000107,7,패밀리 무드 ON 스탠다드러
여,20,1,12,2,1,5,경기도,제주,2인 여행(가족 외),2,1,7,summer,3,h002107,6,뉴트럴바이브 듀오 스테이러
여,30,1,4,3,5,5,부산광역시,제주,2인 여행(가족 외),1,1,7,summer,3,h001933,4,느슨하게 떠나는 듀오 무드러
여,40,2,4,2,1,3,서울특별시,제주,자녀 동반 여행,3,3,5,spring,3,h000010,7,패밀리 무드 ON 스탠다드러
여,20,1,2,4,1,7,서울특별시,제주,나홀로 여행,1,0,6,summer,3,h001139,4,느슨하게 떠나는 듀오 무드러
여,30,2,3,4,4,1,강원도,제주,2인 가족 여행,10,1,6,summer,4,h001188,4,느슨하게 떠나는 듀오 무드러
여,20,1,4,4,4,1,광주광역시,제주,2인 여행(가족 외),2,1,6,summer,4,h001148,4,느슨하게 떠나는 듀오 무드러
남,20,1,4,3,4,5,서울특별시,제주,2인 여행(가족 외),2,1,6,summer,3,h000458,6,뉴트럴바이브 듀오 스테이러
여,40,2,1,10,2,1,인천광역시,제주,3대 동반 여행(친척 포함),1,4,7,summer,4,h002254,5,차분템포 자연수집 패밀리
여,40,1,2,4,4,3,대구광역시,제주,2인 여행(가족 외),7,1,6,summer,3,h000523,4,느슨하게 떠나는 듀오 무드러
여,30,2,11,1,1,2,제주특별자치도,제주,자녀 동반 여행,3,3,6,summer,3,h000319,7,패밀리 무드 ON 스탠다드러
여,30,1,3,4,1,3,서울특별시,제주,2인 여행(가족 외),1,1,6,summer,4,h001676,4,느슨하게 떠나는 듀오 무드러
여,20,1,12,3,10,1,경기도,제주,2인 여행(가족 외),1,1,7,summer,3,h001898,2,탐험 ON한 듀오 트래블러
여,60,3,11,4,2,1,서울특별시,제주,3인 이상 여행(가족 외),3,5,6,summer,4,h001024,0,자연에 진심인 힐링패밀리
여,40,1,3,5,4,6,인천광역시,제주,2인 여행(가족 외),3,1,7,summer,3,h001784,4,느슨하게 떠나는 듀오 무드러
남,20,1,12,2,1,4,서울특별시,제주,2인 여행(가족 외),1,1,7,summer,3,h000725,6,뉴트럴바이브 듀오 스테이러
여,40,1,3,1,3,1,인천광역시,제주,3인 이상 여행(가족 외),2,3,6,summer,3,h001157,7,패밀리 무드 ON 스탠다드러
여,20,1,12,2,2,2,서울특별시,제주,나홀로 여행,2,0,7,summer,4,h001771,6,뉴트럴바이브 듀오 스테이러
여,20,1,3,4,2,3,경기도,제주,2인 여행(가족 외),3,1,6,summer,4,h001185,4,느슨하게 떠나는 듀오 무드러
여,30,2,3,1,2,2,서울특별시,제주,자녀 동반 여행,7,3,6,summer,4,h000920,7,패밀리 무드 ON 스탠다드러
여,30,2,11,2,3,1,서울특별시,제주,자녀 동반 여행,1,3,7,summer,3,h001670,7,패밀리 무드 ON 스탠다드러
남,50,2,3,6,10,1,인천광역시,제주,자녀 동반 여행,3,4,6,summer,4,h000512,2,탐험 ON한 듀오 트래블러
여,40,1,1,6,3,2,제주특별자치도,제주,2인 여행(가족 외),7,1,5,spring,3,h000311,4,느슨하게 떠나는 듀오 무드러
여,30,1,3,5,2,6,인천광역시,제주,2인 가족 여행,4,1,7,summer,3,h001906,4,느슨하게 떠나는 듀오 무드러
여,30,1,12,1,6,4,서울특별시,제주,2인 여행(가족 외),3,1,7,summer,3,h002199,6,뉴트럴바이브 듀오 스테이러
여,30,1,3,4,1,2,경기도,제주,나홀로 여행,4,0,5,spring,3,h000168,4,느슨하게 떠나는 듀오 무드러
여,60,2,4,7,2,5,제주특별자치도,제주,나홀로 여행,1,0,7,summer,3,h001878,4,느슨하게 떠나는 듀오 무드러
여,30,1,4,4,3,2,강원도,제주,2인 여행(가족 외),1,1,5,spring,4,h000328,4,느슨하게 떠나는 듀오 무드러
여,20,1,4,4,3,2,제주특별자치도,제주,2인 여행(가족 외),3,1,6,summer,2,h001618,4,느슨하게 떠나는 듀오 무드러
남,30,2,3,6,6,4,경기도,제주,나홀로 여행,1,0,5,spring,3,h000039,4,느슨하게 떠나는 듀오 무드러
여,30,2,11,1,2,4,경상남도,제주,3인 이상 여행(가족 외),1,3,6,summer,5,h000829,7,패밀리 무드 ON 스탠다드러
여,30,1,5,5,1,2,제주특별자치도,제주,나홀로 여행,1,0,5,spring,2,h000057,3,솔로감성 잠깐 리프레시러
남,40,2,11,1,2,4,제주특별자치도,제주,3인 이상 여행(가족 외),1,3,6,summer,1,h000892,1,자연집중 번개여행 패밀리
여,30,1,4,4,3,4,전라북도,제주,부모 동반 여행,7,2,7,summer,3,h002150,4,느슨하게 떠나는 듀오 무드러
여,40,2,2,1,1,1,경기도,제주,자녀 동반 여행,3,2,6,summer,4,h000739,7,패밀리 무드 ON 스탠다드러
여,20,1,3,3,3,1,광주광역시,제주,나홀로 여행,2,0,5,spring,3,h000100,6,뉴트럴바이브 듀오 스테이러
여,40,2,3,4,2,3,인천광역시,제주,자녀 동반 여행,2,3,6,summer,3,h000791,7,패밀리 무드 ON 스탠다드러
남,20,1,12,2,3,1,부산광역시,제주,부모 동반 여행,3,3,7,summer,3,h001151,7,패밀리 무드 ON 스탠다드러
여,50,2,11,1,2,1,경기도,제주,3인 이상 여행(가족 외),6,5,6,summer,4,h000141,0,자연에 진심인 힐링패밀리
여,20,1,2,4,1,4,경기도,제주,부모 동반 여행,2,2,6,summer,3,h001563,4,느슨하게 떠나는 듀오 무드러
남,40,2,2,6,1,2,전라북도,제주,3인 이상 여행(가족 외),9,3,7,summer,5,h001068,5,차분템포 자연수집 패밀리
여,20,1,12,1,1,2,대구광역시,제주,2인 여행(가족 외),2,1,7,summer,4,h001889,6,뉴트럴바이브 듀오 스테이러
여,30,2,13,4,1,2,제주특별자치도,제주,자녀 동반 여행,9,3,5,spring,2,h000068,1,자연집중 번개여행 패밀리
남,20,1,3,3,20,3,대구광역시,제주,2인 가족 여행,1,1,6,summer,3,h000516,2,탐험 ON한 듀오 트래블러
남,40,2,11,4,1,4,경상남도,제주,자녀 동반 여행,2,2,5,spring,4,h000087,7,패밀리 무드 ON 스탠다드러
남,30,1,12,2,4,1,경기도,제주,3인 이상 여행(가족 외),1,2,6,summer,3,h001269,6,뉴트럴바이브 듀오 스테이러
여,30,1,12,2,6,2,서울특별시,제주,2인 여행(가족 외),3,1,7,summer,3,h002178,2,탐험 ON한 듀오 트래블러
여,50,2,4,6,10,4,경기도,제주,3인 이상 여행(가족 외),1,2,6,summer,3,h001171,2,탐험 ON한 듀오 트래블러
여,20,2,3,4,5,2,충청남도,제주,3인 이상 여행(가족 외),2,2,7,summer,4,h002183,2,탐험 ON한 듀오 트래블러
여,40,1,1,4,1,2,서울특별시,제주,2인 가족 여행,6,1,7,summer,4,h001713,4,느슨하게 떠나는 듀오 무드러
남,40,2,2,1,4,3,제주특별자치도,제주,자녀 동반 여행,3,2,6,summer,2,h000522,1,자연집중 번개여행 패밀리
남,50,2,3,5,4,2,경기도,제주,3인 이상 여행(가족 외),3,2,6,summer,7,h001433,7,패밀리 무드 ON 스탠다드러
여,20,1,13,4,1,4,제주특별자치도,제주,2인 여행(가족 외),3,1,7,summer,2,h001393,3,솔로감성 잠깐 리프레시러
여,30,2,2,4,1,3,제주특별자치도,제주,2인 여행(가족 외),1,1,6,summer,3,h000789,4,느슨하게 떠나는 듀오 무드러
남,20,1,12,1,1,1,제주특별자치도,제주,2인 여행(가족 외),7,1,7,summer,2,h001699,6,뉴트럴바이브 듀오 스테이러
여,50,2,11,1,1,2,제주특별자치도,제주,자녀 동반 여행,3,3,6,summer,3,h000537,7,패밀리 무드 ON 스탠다드러
남,20,1,12,1,1,4,충청남도,제주,3인 이상 여행(가족 외),3,3,6,summer,3,h001195,7,패밀리 무드 ON 스탠다드러
여,40,2,1,5,1,5,전라북도,제주,2인 가족 여행,3,1,6,summer,6,h001406,4,느슨하게 떠나는 듀오 무드러
여,30,1,2,6,5,4,서울특별시,제주,3인 이상 여행(가족 외),1,1,7,summer,3,h001465,4,느슨하게 떠나는 듀오 무드러
여,20,1,2,1,10,7,경기도,제주,나홀로 여행,4,0,5,spring,1,h000154,2,탐험 ON한 듀오 트래블러
남,30,1,4,4,1,4,인천광역시,제주,2인 여행(가족 외),4,1,7,summer,3,h002139,4,느슨하게 떠나는 듀오 무드러
여,40,2,3,2,2,1,서울특별시,제주,자녀 동반 여행,1,2,6,summer,7,h001091,7,패밀리 무드 ON 스탠다드러
여,30,1,12,2,2,6,경상남도,제주,부모 동반 여행,2,2,7,summer,4,h001728,6,뉴트럴바이브 듀오 스테이러
여,40,2,9,2,3,3,경기도,제주,나홀로 여행,1,0,6,summer,3,h001847,6,뉴트럴바이브 듀오 스테이러
남,20,1,2,6,3,2,인천광역시,제주,나홀로 여행,1,0,6,summer,7,h000628,4,느슨하게 떠나는 듀오 무드러
여,30,1,3,5,1,1,서울특별시,제주,2인 여행(가족 외),7,1,7,summer,3,h001843,4,느슨하게 떠나는 듀오 무드러
여,50,2,11,1,3,3,경상남도,제주,나홀로 여행,1,0,7,summer,5,h001150,6,뉴트럴바이브 듀오 스테이러
여,30,2,11,2,2,2,세종특별자치시,제주,자녀 동반 여행,2,3,6,summer,7,h000453,7,패밀리 무드 ON 스탠다드러
여,20,1,12,2,3,4,부산광역시,제주,2인 여행(가족 외),4,1,6,summer,3,h001345,6,뉴트럴바이브 듀오 스테이러
여,30,1,3,4,6,6,서울특별시,제주,2인 여행(가족 외),3,1,6,summer,3,h001447,2,탐험 ON한 듀오 트래블러
여,60,2,3,1,1,4,서울특별시,제주,2인 가족 여행,10,1,5,spring,3,h000049,6,뉴트럴바이브 듀오 스테이러
여,30,1,4,4,1,4,제주특별자치도,제주,나홀로 여행,4,0,7,summer,2,h001629,3,솔로감성 잠깐 리프레시러
여,40,2,2,2,1,3,인천광역시,제주,자녀 동반 여행,1,3,6,summer,7,h000926,7,패밀리 무드 ON 스탠다드러
남,20,1,12,1,8,2,대구광역시,제주,2인 여행(가족 외),1,1,7,summer,4,h001438,2,탐험 ON한 듀오 트래블러
여,30,1,12,2,8,5,서울특별시,제주,3인 이상 여행(가족 외),3,3,6,summer,3,h001529,2,탐험 ON한 듀오 트래블러
여,20,1,12,2,1,6,서울특별시,제주,2인 여행(가족 외),3,1,7,summer,3,h001853,6,뉴트럴바이브 듀오 스테이러
여,20,1,2,2,4,4,경기도,제주,3인 이상 여행(가족 외),1,3,6,summer,4,h001183,7,패밀리 무드 ON 스탠다드러
여,30,1,3,4,3,1,서울특별시,제주,나홀로 여행,2,0,7,summer,4,h001667,4,느슨하게 떠나는 듀오 무드러
여,40,2,2,3,4,5,울산광역시,제주,자녀 동반 여행,7,2,5,spring,3,h000185,7,패밀리 무드 ON 스탠다드러
여,40,2,13,5,2,3,서울특별시,제주,3인 이상 여행(가족 외),3,5,6,summer,5,h000831,0,자연에 진심인 힐링패밀리
남,20,1,12,4,3,7,광주광역시,제주,3인 이상 여행(가족 외),3,3,5,spring,2,h000031,1,자연집중 번개여행 패밀리
남,30,2,3,4,2,2,대전광역시,제주,자녀 동반 여행,2,2,6,summer,4,h000602,7,패밀리 무드 ON 스탠다드러
여,20,1,3,3,4,4,경기도,제주,2인 여행(가족 외),1,1,6,summer,3,h000908,4,느슨하게 떠나는 듀오 무드러
남,30,2,4,5,2,2,제주특별자치도,제주,2인 가족 여행,1,1,6,summer,2,h000489,4,느슨하게 떠나는 듀오 무드러
여,40,1,2,5,5,1,제주특별자치도,제주,부모 동반 여행,2,2,5,spring,3,h000028,2,탐험 ON한 듀오 트래블러
여,30,2,3,5,1,4,경기도,제주,자녀 동반 여행,3,2,5,spring,3,h000093,7,패밀리 무드 ON 스탠다드러
남,50,5,2,7,5,2,경기도,제주,나홀로 여행,2,0,6,summer,5,h001650,5,차분템포 자연수집 패밀리
여,20,1,2,5,1,5,서울특별시,제주,나홀로 여행,1,0,6,summer,5,h001335,4,느슨하게 떠나는 듀오 무드러
여,20,1,12,1,2,2,광주광역시,제주,2인 여행(가족 외),3,1,7,summer,3,h001359,6,뉴트럴바이브 듀오 스테이러
여,50,1,3,5,4,4,대구광역시,제주,2인 가족 여행,2,1,5,spring,3,h000030,4,느슨하게 떠나는 듀오 무드러
여,20,1,12,3,4,3,서울특별시,제주,2인 여행(가족 외),1,1,6,summer,4,h001249,6,뉴트럴바이브 듀오 스테이러
여,20,1,12,2,1,3,서울특별시,제주,2인 여행(가족 외),1,1,7,summer,4,h002005,6,뉴트럴바이브 듀오 스테이러
여,30,2,3,5,2,4,서울특별시,제주,2인 가족 여행,2,1,6,summer,4,h001108,4,느슨하게 떠나는 듀오 무드러
여,50,2,3,4,4,4,서울특별시,제주,자녀 동반 여행,2,4,7,summer,2,h001332,7,패밀리 무드 ON 스탠다드러
여,40,2,11,2,1,2,제주특별자치도,제주,자녀 동반 여행,2,2,7,summer,3,h001766,7,패밀리 무드 ON 스탠다드러
여,30,1,3,4,1,2,제주특별자치도,제주,2인 여행(가족 외),1,1,6,summer,3,h001315,4,느슨하게 떠나는 듀오 무드러
여,20,1,12,1,7,2,서울특별시,제주,2인 여행(가족 외),2,1,7,summer,3,h000706,2,탐험 ON한 듀오 트래블러
여,30,1,2,5,1,6,서울특별시,제주,2인 여행(가족 외),5,1,6,summer,4,h001792,4,느슨하게 떠나는 듀오 무드러
남,20,1,3,4,3,2,충청북도,제주,3인 이상 여행(가족 외),2,2,6,summer,4,h001060,4,느슨하게 떠나는 듀오 무드러
여,30,1,3,4,2,1,경기도,제주,2인 여행(가족 외),5,1,7,summer,3,h001816,4,느슨하게 떠나는 듀오 무드러
여,20,1,12,2,3,4,전라북도,제주,2인 여행(가족 외),2,1,7,summer,4,h002032,6,뉴트럴바이브 듀오 스테이러
여,20,1,4,3,4,3,서울특별시,제주,2인 여행(가족 외),2,1,6,summer,3,h001051,6,뉴트럴바이브 듀오 스테이러
남,20,1,3,5,5,2,대구광역시,제주,3인 이상 가족 여행(친척 포함),9,2,7,summer,4,h001964,2,탐험 ON한 듀오 트래블러
여,20,1,4,4,1,1,광주광역시,제주,3인 이상 여행(가족 외),2,2,7,summer,3,h001993,6,뉴트럴바이브 듀오 스테이러
여,20,1,2,5,4,6,경기도,제주,2인 여행(가족 외),3,1,7,summer,3,h001698,4,느슨하게 떠나는 듀오 무드러
여,20,1,12,2,1,3,경상남도,제주,2인 여행(가족 외),3,1,6,summer,3,h001440,6,뉴트럴바이브 듀오 스테이러
여,30,2,2,8,4,2,충청북도,제주,자녀 동반 여행,3,2,6,summer,3,h001590,5,차분템포 자연수집 패밀리
남,50,2,13,4,2,3,광주광역시,제주,자녀 동반 여행,2,3,5,spring,4,h000117,7,패밀리 무드 ON 스탠다드러
여,40,1,4,6,3,6,서울특별시,제주,2인 여행(가족 외),3,1,6,summer,5,h000550,4,느슨하게 떠나는 듀오 무드러
남,50,1,9,2,2,6,서울특별시,제주,자녀 동반 여행,1,4,5,spring,5,h000153,7,패밀리 무드 ON 스탠다드러
남,30,1,3,4,2,6,제주특별자치도,제주,2인 여행(가족 외),3,1,6,summer,2,h001231,3,솔로감성 잠깐 리프레시러
여,30,2,3,5,6,3,제주특별자치도,제주,부모 동반 여행,2,2,6,summer,1,h000548,1,자연집중 번개여행 패밀리
남,30,2,2,4,1,6,제주특별자치도,제주,2인 가족 여행,2,1,7,summer,1,h002101,1,자연집중 번개여행 패밀리
여,20,1,2,4,3,4,서울특별시,제주,2인 가족 여행,1,1,6,summer,3,h000631,4,느슨하게 떠나는 듀오 무드러
여,20,1,12,2,2,6,서울특별시,제주,나홀로 여행,5,0,6,summer,3,h000514,6,뉴트럴바이브 듀오 스테이러
남,20,1,1,3,3,4,제주특별자치도,제주,3인 이상 여행(가족 외),1,3,7,summer,2,h002111,1,자연집중 번개여행 패밀리
남,50,4,3,5,2,3,충청남도,제주,2인 여행(가족 외),3,1,7,summer,4,h001824,4,느슨하게 떠나는 듀오 무드러
남,50,1,3,8,2,2,경기도,제주,2인 여행(가족 외),1,1,5,spring,3,h000177,5,차분템포 자연수집 패밀리
여,50,1,2,3,1,1,대구광역시,제주,3인 이상 여행(가족 외),8,3,6,summer,3,h000702,7,패밀리 무드 ON 스탠다드러
남,40,2,2,6,4,2,경상남도,제주,자녀 동반 여행,3,3,6,summer,3,h001407,5,차분템포 자연수집 패밀리
남,30,2,2,4,1,1,경기도,제주,3인 이상 가족 여행(친척 포함),2,2,7,summer,4,h002249,7,패밀리 무드 ON 스탠다드러
여,30,2,3,4,2,4,경기도,제주,자녀 동반 여행,2,2,6,summer,4,h000613,7,패밀리 무드 ON 스탠다드러
남,60,3,13,2,2,2,서울특별시,제주,2인 여행(가족 외),2,1,5,spring,4,h000079,6,뉴트럴바이브 듀오 스테이러
여,20,1,12,2,2,5,경상북도,제주,2인 여행(가족 외),7,1,6,summer,5,h001442,6,뉴트럴바이브 듀오 스테이러
여,20,1,2,4,1,2,부산광역시,제주,나홀로 여행,7,0,6,summer,3,h001066,4,느슨하게 떠나는 듀오 무드러
여,20,1,13,3,3,1,대구광역시,제주,나홀로 여행,1,0,6,summer,5,h000708,4,느슨하게 떠나는 듀오 무드러
여,20,1,12,1,1,4,경기도,제주,2인 가족 여행,1,1,6,summer,4,h001212,6,뉴트럴바이브 듀오 스테이러
남,30,1,2,3,2,2,제주특별자치도,제주,2인 여행(가족 외),2,1,5,spring,1,h000198,3,솔로감성 잠깐 리프레시러
남,40,2,3,5,1,1,제주특별자치도,제주,2인 여행(가족 외),2,1,6,summer,3,h000770,4,느슨하게 떠나는 듀오 무드러
여,50,2,1,1,1,1,경기도,제주,자녀 동반 여행,2,3,6,summer,6,h000750,7,패밀리 무드 ON 스탠다드러
남,20,1,8,4,1,4,제주특별자치도,제주,2인 여행(가족 외),6,1,6,summer,3,h000654,4,느슨하게 떠나는 듀오 무드러
여,20,1,7,4,5,1,서울특별시,제주,2인 여행(가족 외),1,1,7,summer,4,h001833,4,느슨하게 떠나는 듀오 무드러
여,20,1,4,5,8,4,경기도,제주,3인 이상 여행(가족 외),5,2,7,summer,4,h001722,2,탐험 ON한 듀오 트래블러
남,40,1,8,5,2,2,인천광역시,제주,2인 여행(가족 외),1,1,6,summer,3,h000634,4,느슨하게 떠나는 듀오 무드러
여,20,1,12,2,4,2,서울특별시,제주,나홀로 여행,2,0,5,spring,3,h000315,6,뉴트럴바이브 듀오 스테이러
여,50,1,2,3,3,4,제주특별자치도,제주,나홀로 여행,7,0,5,spring,2,h000063,3,솔로감성 잠깐 리프레시러
여,20,1,3,5,2,3,경기도,제주,2인 여행(가족 외),1,1,6,summer,4,h001189,4,느슨하게 떠나는 듀오 무드러
여,20,1,2,6,3,2,경기도,제주,나홀로 여행,7,0,7,summer,3,h001830,4,느슨하게 떠나는 듀오 무드러
여,30,1,4,4,1,3,서울특별시,제주,2인 가족 여행,4,1,6,summer,5,h001405,4,느슨하게 떠나는 듀오 무드러
여,40,2,3,3,2,2,서울특별시,제주,자녀 동반 여행,1,2,6,summer,4,h000802,7,패밀리 무드 ON 스탠다드러
여,50,2,3,8,2,2,서울특별시,제주,자녀 동반 여행,3,3,6,summer,5,h000842,5,차분템포 자연수집 패밀리
남,40,2,3,4,1,7,제주특별자치도,제주,2인 가족 여행,5,1,6,summer,1,h001642,3,솔로감성 잠깐 리프레시러
여,30,1,4,4,2,2,제주특별자치도,제주,나홀로 여행,7,0,5,spring,1,h000059,3,솔로감성 잠깐 리프레시러
남,50,2,1,4,4,1,전라남도,제주,자녀 동반 여행,1,3,6,summer,4,h000894,7,패밀리 무드 ON 스탠다드러
남,30,1,12,5,2,3,경기도,제주,2인 여행(가족 외),1,1,7,summer,2,h001517,4,느슨하게 떠나는 듀오 무드러
여,30,1,3,4,2,3,대전광역시,제주,2인 여행(가족 외),2,1,6,summer,4,h001271,4,느슨하게 떠나는 듀오 무드러
남,30,1,3,4,3,6,대구광역시,제주,나홀로 여행,2,0,6,summer,3,h000733,4,느슨하게 떠나는 듀오 무드러
여,30,1,3,5,4,3,서울특별시,제주,3인 이상 여행(가족 외),3,4,5,spring,4,h000170,7,패밀리 무드 ON 스탠다드러
여,30,1,3,3,2,2,전라남도,제주,2인 여행(가족 외),3,1,7,summer,3,h001412,4,느슨하게 떠나는 듀오 무드러
여,20,2,4,2,5,2,대구광역시,제주,2인 가족 여행,2,1,6,summer,4,h000880,6,뉴트럴바이브 듀오 스테이러
여,40,1,3,6,4,3,경기도,제주,2인 여행(가족 외),1,1,7,summer,3,h002255,4,느슨하게 떠나는 듀오 무드러
여,30,1,12,3,5,1,대전광역시,제주,2인 여행(가족 외),2,1,7,summer,3,h000726,6,뉴트럴바이브 듀오 스테이러
여,40,2,4,3,4,4,제주특별자치도,제주,나홀로 여행,2,0,6,summer,2,h001055,3,솔로감성 잠깐 리프레시러
남,30,1,2,6,1,1,서울특별시,제주,2인 가족 여행,1,1,7,summer,4,h001810,4,느슨하게 떠나는 듀오 무드러
여,20,2,13,2,3,2,세종특별자치시,제주,3대 동반 여행(친척 포함),9,5,7,summer,5,h000700,0,자연에 진심인 힐링패밀리
남,60,2,2,5,2,3,서울특별시,제주,나홀로 여행,6,0,6,summer,2,h000607,3,솔로감성 잠깐 리프레시러
남,60,2,2,1,1,3,경기도,제주,나홀로 여행,6,0,5,spring,3,h000184,6,뉴트럴바이브 듀오 스테이러
여,30,1,3,3,1,2,인천광역시,제주,3인 이상 여행(가족 외),1,2,7,summer,4,h000859,4,느슨하게 떠나는 듀오 무드러
여,20,1,2,3,2,4,경상북도,제주,나홀로 여행,2,0,7,summer,3,h002053,6,뉴트럴바이브 듀오 스테이러
남,20,1,3,4,1,3,제주특별자치도,제주,나홀로 여행,1,0,6,summer,3,h001588,4,느슨하게 떠나는 듀오 무드러
여,20,1,3,5,2,5,경상북도,제주,2인 가족 여행,1,1,7,summer,4,h001818,4,느슨하게 떠나는 듀오 무드러
남,30,1,2,6,3,1,대전광역시,제주,2인 여행(가족 외),2,1,6,summer,5,h001264,4,느슨하게 떠나는 듀오 무드러
남,40,2,7,5,3,2,부산광역시,제주,자녀 동반 여행,9,2,6,summer,4,h000755,4,느슨하게 떠나는 듀오 무드러
남,40,2,3,4,2,5,경기도,제주,3대 동반 여행(친척 포함),9,5,6,summer,4,h000872,0,자연에 진심인 힐링패밀리
여,30,2,3,4,4,2,서울특별시,제주,부모 동반 여행,2,4,6,summer,3,h000499,7,패밀리 무드 ON 스탠다드러
남,50,2,3,7,3,4,경기도,제주,나홀로 여행,7,0,5,spring,3,h000072,5,차분템포 자연수집 패밀리
남,20,1,3,4,6,6,강원도,제주,나홀로 여행,6,0,7,summer,2,h001144,2,탐험 ON한 듀오 트래블러
