item_id,VISIT_AREA_NM,SIDO,VISIT_AREA_TYPE_CD,ratings
663,실미해수욕장,인천,1,1.0
1091,타임 테라스 A 블록,경기,4,4.666666666666667
635,스타필드 코엑스몰,서울,4,5.0
903,잠실종합운동장,서울,3,5.0
639,시흥 프리미엄 아울렛,경기,4,2.6666666666666665
532,선녀바위,인천,1,3.333333333333333
859,을왕리 해수욕장,인천,1,3.0
916,전등사,인천,2,4.0
1067,초지진,인천,2,4.333333333333333
202,대명항 수산물 직판장,경기,4,3.6666666666666665
135,김포함상공원,경기,7,4.0
30,강화 부근리 고인돌,인천,2,2.6666666666666665
215,대한 성공회 강화성당,인천,2,4.333333333333333
47,경복궁,서울,2,3.0
36,강화풍물시장,인천,4,2.333333333333333
224,덕수궁,서울,2,4.333333333333333
808,용기포항 서 방파제 등 대,인천,1,4.333333333333333
140,끝섬 전망대,인천,1,3.333333333333333
664,심청각,인천,2,3.0
266,두무진,인천,1,5.0
1027,중화동 교회,인천,2,3.333333333333333
1087,콩돌해안,인천,1,4.0
1050,천안함 46용사 위령탑,인천,2,4.0
21,갑곶 돈대,인천,2,5.0
34,강화성당,인천,2,5.0
54,고려궁지,인천,2,5.0
27,강화 광성보,인천,2,5.0
1004,조양 방직,인천,4,5.0
613,수원 화성,경기,2,4.0
346,목섬(항도),인천,1,5.0
665,십리포해수욕장,인천,1,5.0
146,낙조 전망대,경기,1,5.0
300,롯데백화점 동탄점,경기,4,5.0
289,롯데 프리미엄 아울렛 타임 빌라스,경기,4,4.666666666666667
834,월미도,인천,6,4.333333333333333
888,인천광역시 교육청 교육과 학정 보원 인천학생과학관,인천,3,5.0
889,인천국제공항 하늘정원,인천,1,3.333333333333333
293,롯데마트 송도점,인천,4,3.333333333333333
594,송도센트럴파크,인천,1,5.0
305,롯데월드타워 롯데월드몰,서울,4,4.333333333333333
85,구읍뱃터,인천,7,4.0
1232,호암미술관,경기,3,5.0
394,발리다,경기,4,5.0
204,대부바다 향기테마파크,경기,1,5.0
1224,현대 프리미엄 아울렛 김포점,경기,4,5.0
1053,천주교 서울 대교구 주교좌 명동 대성당,서울,2,3.333333333333333
340,명동거리,서울,4,3.6666666666666665
1225,현대 프리미엄 아울렛 송도점,인천,4,5.0
203,대부도,경기,1,3.0
1221,헤이리 예술마을,경기,2,2.333333333333333
523,서울대공원,경기,6,4.0
525,서울숲,서울,7,4.0
219,더 현대 서울,서울,4,4.0
91,국립고궁박물관,서울,2,5.0
79,광화문광장,서울,3,5.0
304,롯데월드,서울,6,5.0
6,BMW 드라이빙 센터,인천,1,3.6666666666666665
887,인천공항 전망대,인천,1,3.0
371,물향기 수목원,경기,1,5.0
633,스타필드 고양,경기,6,3.6666666666666665
298,롯데몰 김포공항점,서울,4,5.0
540,선유도공원,서울,1,5.0
1057,청계천,서울,7,4.0
1226,현대백화점 판교점,경기,4,4.0
799,왕산해수욕장,인천,1,4.666666666666667
656,신포국제시장,인천,4,4.333333333333333
836,월미문화의 거리,인천,4,5.0
1193,한중문화관,인천,2,5.0
205,대불호텔 전시관,인천,2,5.0
501,생활사 전시관,인천,2,5.0
885,인천개항 박물관,인천,2,5.0
886,인천개항장 근대건축전시관,인천,2,5.0
1037,짜장면 박물관,인천,2,5.0
251,동대문디자인플라자,서울,3,3.6666666666666665
379,민머루해수욕장,인천,1,4.0
684,아이파크몰 용산점,서울,4,4.0
714,에버랜드,경기,6,5.0
894,일산 호수공원,경기,7,4.0
879,이케아 고양점,경기,4,4.0
134,김포 장릉,경기,2,5.0
608,수산공원,경기,4,3.0
227,덕진진,인천,2,4.333333333333333
310,마니산,인천,7,5.0
200,대룡시장,인천,4,4.666666666666667
1120,파라다이스 시티 씨메르,인천,6,4.0
749,영종진공원,인천,7,4.0
295,롯데마트 영종도점,인천,4,4.0
252,동막해수욕장,인천,1,5.0
323,마호가니 강화점,인천,4,4.666666666666667
80,교동 대룡시장,인천,4,4.666666666666667
396,방아머리 해변,경기,1,5.0
1009,종이 미술관,경기,3,5.0
774,옥토끼우주센터,인천,6,3.6666666666666665
31,강화 자연사박물관,인천,2,4.333333333333333
884,인천 차이나타운,인천,4,4.666666666666667
1119,파라다이스 시티,인천,6,3.0
452,뻘 다방,인천,4,5.0
261,동춘서커스 상설공연장,경기,3,3.6666666666666665
813,용문사,경기,2,5.0
1008,종묘,서울,2,5.0
1216,행리단길,경기,4,1.3333333333333333
422,보문사,인천,2,5.0
625,스머프 매직 포레스트,서울,3,2.0
28,강화 남부농협 하나로마트 본점,인천,4,4.0
666,쌀 꾸지 선착장,인천,1,4.666666666666667
807,용궁사,인천,2,3.333333333333333
406,백운산,인천,7,4.0
92,국립민속박물관,서울,2,4.333333333333333
32,강화도 외포항 젓갈수산시장,인천,4,5.0
1115,트리플 스트리트,인천,4,4.0
591,송도 타임스페이스,인천,8,5.0
29,강화 루지,인천,5,4.0
864,이마트 검단점,인천,4,3.0
1059,청라 호수 공원,인천,2,5.0
1169,한국 근현대사 박물관,경기,2,5.0
900,자라섬 꽃 테마공원,경기,8,4.0
904,잠실종합운동장 올림픽 주경기장,서울,3,5.0
681,아시안 해변,인천,1,2.6666666666666665
364,무의도 해상관광 탐방로,인천,1,4.0
890,인천종합어시장,인천,4,2.333333333333333
257,동양 염전 베이커리 카페,인천,4,3.6666666666666665
1239,화개 정원,인천,1,3.333333333333333
152,남이섬,강원특별자치도,1,3.333333333333333
1122,파주 프리미엄 아울렛,경기,4,5.0
592,송도 한옥마을,인천,4,3.0
791,옹진농협 하나로마트 영흥점,인천,4,4.333333333333333
668,씨사이드 파크,인천,1,3.6666666666666665
331,망원한강공원,서울,1,5.0
816,용흥궁,인천,2,4.0
735,연미정,인천,2,5.0
931,제부도,경기,1,4.0
837,월미테마파크,인천,6,4.0
638,시화 달 전망대(시화 이루나 타워),경기,7,3.333333333333333
216,대한 성공회 온수리 성당,인천,2,2.6666666666666665
160,노가리 해변,인천,1,5.0
905,장경리 해변,인천,1,3.333333333333333
534,선녀바위해수욕장,인천,1,4.0
747,영종 씨사이드 레일바이크,인천,6,4.666666666666667
911,장화리 일몰 조명지,인천,1,5.0
835,월미도 선착장,인천,4,2.6666666666666665
751,예단포둘레길,인천,7,4.333333333333333
576,소무의도,인천,1,5.0
1153,하나개해수욕장 유원지,인천,1,4.0
35,강화역사박물관,인천,2,4.0
933,제부도 해안산책로,경기,7,3.6666666666666665
932,제부도 워터 워크,경기,2,3.6666666666666665
844,웨이브 파크,경기,5,5.0
573,소래포구 종합어시장,인천,4,3.0
1010,주교좌 답동 성 바오로 성당,인천,2,5.0
675,아르미애월드,인천,3,5.0
98,국사봉,인천,1,4.0
533,선녀바위 문화탐방로,인천,1,4.0
598,송월동 동화마을,인천,2,5.0
524,서울대공원 둘레길,경기,7,5.0
74,광명시 소하 도서관,경기,3,4.0
33,강화산성 남문,인천,1,3.0
696,안산 어촌민속박물관,경기,2,4.0
574,소리체험 박물관,인천,2,4.0
531,석모도 미네랄 온천,인천,6,4.666666666666667
748,영종역사관,인천,1,4.0
1211,해양드라마 세트장,경남,2,3.6666666666666665
492,상족암 군립 공원,경남,1,3.333333333333333
153,남해 독일마을,경남,4,3.333333333333333
186,다랭이마을,경남,1,3.333333333333333
1034,진주성,경남,2,4.0
1033,진주 논개 시장,경남,4,3.333333333333333
75,광안리해수욕장,부산,1,5.0
173,논골담길,강원,2,4.0
48,경암동 철길마을,전북,4,2.333333333333333
1194,한화리조트 거제 벨보 디어 마리나,경남,6,4.333333333333333
113,근포 땅굴,경남,1,4.333333333333333
648,신선대,경남,1,3.333333333333333
386,바람의 언덕,경남,2,3.0
1068,충렬사,경남,2,3.6666666666666665
270,디피랑,경남,6,5.0
736,연화도,경남,1,5.0
1109,통영 케이블카,경남,1,4.0
1192,한산대첩 광장,경남,1,3.333333333333333
1056,첨성대,경북,1,5.0
249,동궁과 월지,경북,2,4.333333333333333
423,보문호,경북,1,4.0
1245,황련단길,경북,4,4.666666666666667
1046,천마총,경북,2,5.0
90,국립경주박물관,경북,2,4.666666666666667
435,불국사,경북,2,5.0
1231,호미곶,경북,1,3.6666666666666665
84,구룡포 일본인 가옥거리,경북,2,3.0
239,독도,경북,1,5.0
1099,태하 향목 관광모노레일,경북,1,3.333333333333333
142,나리분지,경북,1,3.0
421,보리암,경남,2,5.0
1213,해운대해수욕장,부산,7,5.0
17,간절곶,울산,1,4.0
432,부평 깡통시장,부산,4,4.0
861,의암호 스카이워크,강원,1,4.0
843,월포해수욕장,경북,5,5.0
155,남해전통시장,경남,4,3.6666666666666665
117,금산 산장,경남,1,4.0
1108,통영 어드벤처 타워,경남,6,4.0
605,수륙 해안산책로,경남,7,4.0
1023,중앙 활어시장,경남,4,5.0
575,소매물도,경남,1,5.0
872,이순신공원,경남,1,4.0
382,밀란 더 마켓,부산,4,5.0
254,동백 섬,부산,1,5.0
299,롯데백화점 광복점,부산,4,5.0
268,등대해수욕장,강원특별자치도,1,5.0
544,설악워터피아,강원특별자치도,6,5.0
586,속초관광수산시장,강원특별자치도,4,5.0
587,속초해수욕장,강원특별자치도,1,4.666666666666667
649,신세계백화점 센텀시티점,부산,4,4.666666666666667
682,아야진해수욕장,강원,1,3.6666666666666665
144,낙산사,강원,2,5.0
672,아르떼 뮤지엄 강릉,강원,3,5.0
25,강문해변,강원,1,4.0
862,이 송도 전망대,부산,1,5.0
1255,흰 여울 해안 터널,부산,1,5.0
1097,태종대 다 노비 열차,부산,1,5.0
1098,태종대유원지,부산,1,5.0
66,공지천,강원,1,4.0
179,능파대,강원,1,2.333333333333333
661,신흥사,강원,2,5.0
1254,흰 여울 문화마을,부산,7,4.666666666666667
24,강릉 중앙시장,강원,4,2.333333333333333
1085,코리아 짚와이어,경남,5,3.6666666666666665
1238,화개 장터,경남,4,2.0
259,동정호,경남,1,4.0
1150,피닉스 평창 블루캐니언,강원,6,3.333333333333333
19,감나무집,강원,4,3.0
428,봉포 해변,강원,1,5.0
773,옥천사,경남,2,4.0
9,KTG 상상마당 부산,부산,3,5.0
513,서면교차로,부산,4,3.333333333333333
301,롯데백화점 부산본점,부산,4,3.333333333333333
2,223 하동 세계 차 엑스포 제2행사장,경남,8,5.0
291,롯데 프리미엄 아웃렛 동부산점,부산,4,5.0
742,영남루,경남,2,5.0
1107,통 연달아 공원,경남,2,3.6666666666666665
23,강구안 문화마당,경남,3,4.666666666666667
282,레고랜드 코리아리조트,강원,6,2.6666666666666665
486,삼천포 용궁 수산시장,경남,4,5.0
810,용두산공원,부산,7,3.333333333333333
201,대릉원,경북,8,5.0
176,농소몽돌해수욕장,경남,1,4.0
1065,청호 활어회센터,강원,4,3.6666666666666665
805,외옹치 바다 향기로,강원,7,5.0
430,부산 아시아드 주경기장,부산,3,4.0
692,안동 운흥동 오층 전탑,경북,2,4.0
611,수성못,대구,1,5.0
515,서문시장,대구,4,5.0
326,만성리 검은 모래해변,전남,1,4.666666666666667
595,송도해수욕장,부산,1,5.0
585,속초 아이,강원,6,5.0
1212,해운대 전통시장,부산,4,4.0
612,수영만 요트경기장,부산,5,5.0
588,속초해수욕장 제1공영주차장,강원,1,3.333333333333333
381,민우당 서림,강원,4,4.0
89,국립 해양 박물관,부산광역시,3,4.333333333333333
634,스타필드 시티 명지,부산,4,3.333333333333333
542,설리 스카이워크,경남,1,3.0
543,설리해수욕장,경남,1,4.0
243,독일마을 남해 파독 전시관,경남,3,4.333333333333333
529,서피 비치,강원,5,4.0
677,아바이마을,강원,4,4.0
1016,죽도 시장,경북,4,4.666666666666667
365,무진장,경남,8,4.666666666666667
493,상주은모래비치,경남,1,5.0
51,경포해수욕장,강원,7,5.0
198,대구 삼성 라이온즈 파크,대구,5,5.0
1161,하슬라아트월드,강원,3,3.6666666666666665
695,안목 해변,강원,1,4.666666666666667
1011,주문진 방사제,강원,1,5.0
802,외도 보타니아,경남,1,5.0
393,박태준 기념관,부산,3,4.666666666666667
207,대왕암공원,울산,1,5.0
895,일산해수욕장,울산,1,3.6666666666666665
838,월정교,경북,2,5.0
898,자갈치시장,부산,4,3.0
183,다대포해수욕장,부산,7,3.6666666666666665
1113,통영중앙전통시장,경남,4,4.666666666666667
297,롯데마트 통영점,경남,4,3.0
530,서호 시장,경남,4,3.333333333333333
1112,통영시립 박물관,경남,2,4.0
264,두 모 몽돌 해수욕장,경남,1,3.0
442,비발디파크 오션월드,강원,6,5.0
238,도째비골해랑전망대,강원,1,3.333333333333333
237,도째비골스카이밸리,강원,6,3.6666666666666665
770,옥녀봉,경남,1,5.0
49,경주역사유적지구,경북,2,4.0
334,매미성,경남,1,2.333333333333333
746,영일대해수욕장,경북,1,3.333333333333333
143,낙산 해변,강원,1,4.0
1165,하조대 전망대,강원,1,5.0
1167,학동 흑진주 몽돌해변,경남,1,4.0
50,경주역사유적지구 대릉원 지구,경북,2,3.6666666666666665
40,거제 파노라마 케이블카,경남,6,4.0
260,동촌유원지,대구,7,4.0
793,와현모래숲해수욕장,경남,1,3.0
1208,해동용궁사,부산,2,4.0
767,오죽헌,강원특별자치도,2,4.0
741,영금정,강원,7,3.0
579,소양강 스카이워크,강원,1,4.0
1114,트레이더스 홀세일 클럽 비산점,대구,4,4.0
290,롯데 프리미엄 아웃렛 김해점,경남,4,4.0
1017,죽림동 주교좌성당,강원특별자치도,2,4.0
926,정글의 법칙,경북,3,5.0
398,배달 성전 삼성궁,경남,2,4.0
1156,하동 케이블카,경남,1,4.333333333333333
262,동피랑 벽화마을,경남,7,4.0
593,송도 해상 케이블카 송도 베이 스테이션,부산,1,3.333333333333333
737,연화사,경남,2,4.0
418,보덕암,경남,2,5.0
41,거제도 현 시장,경남,4,5.0
671,아래 마루 아쿠아리움 본관,경남,6,5.0
485,삼척해변,강원특별자치도,1,5.0
870,이마트 통영점,경남,4,4.666666666666667
429,부산 사직종합운동장 사직야구장,부산,3,5.0
909,장항 해수풀장,경남,1,1.6666666666666667
100,국제시장,부산,4,3.0
20,감천문화마을,부산,4,5.0
1045,척산온천휴양촌,강원특별자치도,6,5.0
39,거제 식물원 정글돔,경남,3,5.0
1110,통영 활어시장,경남,4,4.0
333,망치몽돌해수욕장,경남,1,4.0
553,성심당 본점,대전,4,4.0
86,구조라해수욕장,경남,1,4.0
724,여수 예술랜드,전남,2,4.333333333333333
487,삼포해수욕장,강원특별자치도,1,4.0
709,양양전통시장,강원특별자치도,4,3.333333333333333
466,사천해변,강원특별자치도,1,3.333333333333333
910,장호항,강원특별자치도,5,3.6666666666666665
584,속초 등대,강원특별자치도,7,2.6666666666666665
1024,중앙시장 입구 삼거리,강원특별자치도,4,3.6666666666666665
718,에이 앤 비 더 카트인 통영,경남,5,4.0
427,봄날의 책방,경남,3,5.0
250,동남해 농협 하나로마트 삼동점,경남,4,5.0
484,삼척 중앙시장,강원특별자치도,4,4.0
1111,통영농협 하나로마트,경남,4,5.0
372,뮤지엄 원,부산,3,3.6666666666666665
481,삼성궁,경남,2,5.0
1195,한화리조트 설악 쏘라노,강원특별자치도,3,4.0
1012,주문진해변,강원특별자치도,1,4.0
288,롯데 워터파크,경남,6,3.0
562,세븐 워터파크,경남,6,3.333333333333333
514,서면시장,부산,4,3.6666666666666665
745,영월 서부시장,강원특별자치도,4,5.0
1060,청령포,강원특별자치도,2,5.0
1236,홈플러스 거제점,경남,4,3.0
214,대포항 수산시장,강원특별자치도,4,3.0
446,비진도,경남,1,5.0
546,섬의 정원,경남,1,4.666666666666667
627,스카이라인 루지 통영,경남,6,5.0
882,인구해변,강원특별자치도,1,4.666666666666667
1134,포로수용소 유적공원,경남,2,3.0
193,단양구경시장,충북,4,4.333333333333333
539,선암사,전남,2,4.0
873,이순신광장,전남,4,3.333333333333333
1035,진포해양테마공원,전북,2,3.6666666666666665
103,군산근대 건축관,전북,2,3.0
104,군산근대역사박물관,전북,2,3.0
858,은파호수공원,전북,1,3.333333333333333
1103,테디베어뮤지엄 군산점,전북,3,3.333333333333333
526,서편제 촬영지,전남,2,4.333333333333333
399,배론성지,충북,2,5.0
1133,포레스트 리솜 별똥카페,충북,6,5.0
860,의림지,충북,2,5.0
88,국립 중앙과학관,대전,2,3.0
60,고창 고인돌 박물관,전북,2,4.666666666666667
1015,죽녹원,전남,1,5.0
416,변산해수욕장,전북,1,5.0
45,격포해수욕장,전북,1,5.0
865,이마트 군산점,전북,4,4.0
431,부안청자 박물관,전북,2,3.6666666666666665
63,곰소염전,전북,1,2.6666666666666665
637,슬지 제빵소,전북,4,2.6666666666666665
920,전주한옥마을,전북,3,4.333333333333333
1026,중앙탑공원 중원 탑평리 7층 석탑,충북,2,5.0
1069,충주 박물관,충북,2,3.6666666666666665
11,S 마트,충남,4,4.0
643,신두리 해안사구,충남,1,4.0
116,금산 보리암 분기점,경남,1,4.0
863,이끼 터널,충북,1,4.0
464,사성암,전남,2,4.666666666666667
619,순천만 국가정원,전남,8,4.666666666666667
620,순천만습지,전남,1,4.666666666666667
801,왜목마을해수욕장,충남,1,4.0
339,면천읍성,충남,2,4.333333333333333
871,이성당 신관,전북,4,5.0
230,도담삼봉 관광지,충북,1,5.0
1191,한밭수목원,대전,1,3.6666666666666665
3,5.18기념공원,광주,2,4.333333333333333
366,무창포해수욕장,충남,1,5.0
725,여수 해상 케이블카,전남,6,5.0
407,백제문화 단지,충남,2,5.0
330,말티재 전망대,충북,7,3.333333333333333
425,보은 삼년산성,충북,7,3.333333333333333
411,법주사,충북,2,3.333333333333333
434,불갑사,전남,2,5.0
212,대천해수욕장,충남,1,3.333333333333333
211,대천항 수산시장,충남,4,2.0
1084,코롬방제과점,전남,4,4.0
739,연희네 슈퍼,전남,2,4.0
353,목포근대역사관 1관,전남,2,5.0
354,목포근대역사관 2관,전남,2,4.0
519,서산동 시화 골목,전남,2,2.333333333333333
76,광주비엔날레,광주,3,5.0
1129,펭귄 마을,광주,7,5.0
673,아르떼 뮤지엄 여수,전남,3,3.6666666666666665
760,오동도,전남,1,4.0
1159,하멜등대,전남,2,3.6666666666666665
95,국립아시아문화전당,광주,3,4.333333333333333
195,담양 관방제림,전남,1,5.0
46,경기전,전북,2,5.0
919,전주동물원,전북,6,5.0
1075,카페 산,충북,5,4.0
644,신리성지,충남,2,5.0
676,아미 미술관,충남,3,5.0
754,예산 상설시장,충남,4,4.0
604,수덕사,충남,2,5.0
921,전통시장 서 시장,전남,4,4.0
247,돌산공원,전남,2,3.333333333333333
636,스플 라스 워터파크,충남,6,3.0
851,유구 색동수국정원,충남,8,4.0
722,여수 낭만포차 거리,전남,4,5.0
868,이마트 여수점,전남,4,4.0
541,선유도해수욕장,전북,1,3.333333333333333
769,오천 그린광장,전남,6,4.0
618,순천드라마 촬영장,전남,6,4.333333333333333
276,라마다플라자 바이 윈덤 여수 짚트랙,전남,5,3.333333333333333
687,아쿠아플라넷 여수,전남,6,5.0
351,목포 해상 케이블카 북항 승강장,전남,6,4.333333333333333
1131,평화광장,전남,7,3.333333333333333
349,목포 갓바위,전남,1,2.6666666666666665
325,만리포해수욕장,충남,1,5.0
1127,퍼플 섬 주차장,전남,1,4.333333333333333
1042,채석강,전북,1,3.6666666666666665
1219,향일암,전남,2,4.0
694,안면도자연휴양림,충남,6,3.333333333333333
274,뚜쥬루 돌가마점,충남,4,4.666666666666667
1063,청포대해수욕장,충남,1,5.0
403,백사장항,충남,4,5.0
358,몽산포해수욕장,충남,1,5.0
248,동국사,전북,2,4.666666666666667
896,일제강점기 군산역사관,전북,2,3.333333333333333
660,신흥동 일본식 가옥,전북,2,4.0
1066,초원 사진관,전북,3,4.666666666666667
825,우수영 국민관광지,전남,2,3.6666666666666665
62,고흥우주발사 전망대,전남,2,4.666666666666667
149,남열해돋이해수욕장,전남,1,4.333333333333333
731,여수수산물 특화시장,전남,4,4.0
857,유월드 루지 테마파크,전남,6,3.333333333333333
1049,천사 히어로즈 복합놀이시설,전북,5,5.0
94,국립생태원,충남,1,5.0
363,무슬목해수욕장,전남,2,5.0
728,여수다,전남,4,5.0
139,꽃지해수욕장,충남,1,5.0
1095,탑정호 출렁다리,충남,7,3.333333333333333
915,전동성당,전북,3,4.0
918,전주 덕진공원,전북,1,5.0
476,삼길포항,충남,7,5.0
246,돌문어 상회,전남,4,3.6666666666666665
1118,파도리해수욕장,충남,1,5.0
907,장자도,전북,1,4.0
1256,힐링파크쑥섬쑥섬,전남,1,5.0
740,염포해수욕장,전남,1,3.0
141,나로우주센터 우주과학관,전남,3,4.0
1032,진남관 (24년 말 예정),전남,2,3.0
1200,합덕성당,충남,2,5.0
1125,팜카밀레 허브농원,충남,1,5.0
16,간월암,충남,2,4.0
1025,중앙탑 사적공원,충북,2,5.0
93,국립부여박물관,충남,2,3.333333333333333
732,여수수산시장,전남,4,2.6666666666666665
852,유달산,전남,1,5.0
554,성옥 기념관,전남,3,5.0
756,오거리문화센터,전남,3,5.0
771,옥단의 길,전남,7,4.0
78,광한루원,전북,2,3.0
65,공주 산성시장,충남,4,3.0
360,무녀도 쥐똥 썸,전북,5,5.0
797,완도수목원,전남,1,5.0
753,예당호 출렁다리,충남,1,5.0
693,안면도 쥐라기 박물관,충남,2,5.0
1209,해미읍성,충남,2,4.0
166,노적봉,전남,1,4.0
488,삽교호 놀이공원,충남,6,4.0
350,목포 스카이워크,전남,1,3.0
917,전주 남부시장 한옥마을 야시장,전북,4,4.666666666666667
287,롯데 아웃렛 부여점,충남,4,4.0
107,궁남지,충남,2,4.333333333333333
292,롯데마트 당진점,충남,4,3.6666666666666665
1062,청양시장,충남,4,4.333333333333333
726,여수 해양공원,전남,4,4.0
761,오동도 동백열차 타는 곳,전남,1,5.0
730,여수세계박람회 스카이타워,전남,6,5.0
641,신덕해수욕장,전남,1,3.0
145,낙안읍성 민속마을,전남,2,4.0
729,여수세계박람회 빅 오,전남,3,1.0
752,예당관광지,충남,1,3.6666666666666665
1117,파도리 해식동굴,충남,1,2.6666666666666665
489,삽교호 바다공원,충남,1,4.0
170,녹동바다정원,전남,1,3.333333333333333
1168,학암포해수욕장,충남,1,3.0
208,대장봉,전북,1,3.0
355,목포자연사박물관,전남,2,5.0
294,롯데마트 여수점,전남,4,5.0
58,고소동 벽화마을,전남,7,4.0
402,백사장 어촌계 수산시장,충남,4,3.0
667,쑥섬,경남,1,4.0
914,전남도립미술관,전남,3,5.0
1088,큰끝 등대,전남,1,4.666666666666667
275,라 테라스 리조트 앤 스파 키즈 워터파크,전남,6,5.0
727,여수구항 해양공원,전남,7,3.6666666666666665
583,소호동 동다리,전남,7,4.0
450,빛가람 전망대,전남,3,3.333333333333333
404,백야도,전남,7,3.0
723,여수 미남크루즈,전남,6,5.0
1064,청해 포구 촬영장,전남,2,3.0
102,군산공설시장,전북,4,4.0
479,삼봉해수욕장,충남,1,3.6666666666666665
1214,해조류 센터,전남,3,3.6666666666666665
651,신지명사십리해수욕장,전남,1,3.0
798,완도타워,전남,3,3.6666666666666665
172,녹테마레,전남,3,3.333333333333333
772,옥돌해수욕장,전북,7,2.333333333333333
105,군산근대화 거리,전북,4,1.0
313,마량 놀토 수산시장,전남,4,4.0
1158,하망굴,전북,2,5.0
359,무녀 2구 마을버스,전북,4,4.0
377,미즈노 씨네 트리하우스,전북,4,5.0
1048,천사 대교,전남,1,3.6666666666666665
352,목포 해상 케이블카 유달산 승강장,전남,1,4.333333333333333
392,박지도,전남,7,4.333333333333333
197,당진 전통시장,충남,4,3.0
400,백길해수욕장,전남,1,5.0
395,밧게 해수욕장,충남,1,4.0
856,유월드 다이노 밸리,전남,6,5.0
906,장도,전남,1,5.0
57,고소대,전남,2,4.0
674,아르떼 뮤지엄 제주,제주특별자치도,3,4.333333333333333
1054,천지연폭포,제주특별자치도,1,3.0
1052,천제연폭포,제주특별자치도,1,5.0
983,제주동문시장,제주특별자치도,4,4.0
389,바이 제주,제주특별자치도,4,3.0
338,메타세쿼이아 가로수길,전남,1,5.0
424,보성 녹차밭,전남,1,5.0
157,내소사,전북,2,4.0
652,신진도,충남,1,5.0
1199,함덕해수욕장,제주특별자치도,1,5.0
551,성산일출봉 농협 하나로마트,제주특별자치도,4,3.333333333333333
817,우도,제주특별자치도,1,3.6666666666666665
267,드르쿰다in성산,제주특별자치도,6,4.0
1123,판포 포구,제주특별자치도,1,3.6666666666666665
881,이호 테우해수욕장,제주특별자치도,1,3.333333333333333
370,물영아리,제주특별자치도,1,5.0
506,서귀포 매일 올레시장,제주특별자치도,4,3.0
712,엉또폭포,제주특별자치도,1,5.0
1179,한라산국립공원 관음사 탐방로,제주특별자치도,1,2.333333333333333
472,산방산 탄산온천,제주특별자치도,6,5.0
115,금능해수욕장,제주특별자치도,1,5.0
4,9.81파크,제주특별자치도,5,5.0
1196,함덕 돌핀 레저 본사,제주특별자치도,5,4.0
776,올레 야시장,제주특별자치도,4,4.666666666666667
600,쇠소깍,제주특별자치도,1,4.333333333333333
572,소랑 아시,제주특별자치도,4,5.0
1102,테디베어 하우스 테지움 제주점,제주특별자치도,3,5.0
228,델문도,제주특별자치도,4,4.666666666666667
659,신화 테마파크,제주특별자치도,6,5.0
658,신화 워터파크,제주특별자치도,6,4.666666666666667
999,제주항공 우주 박물관,제주특별자치도,3,4.666666666666667
388,바운스 슈퍼 파크 제주센터,제주특별자치도,6,5.0
445,비자림,제주특별자치도,1,5.0
348,목장카페드르쿰다,제주특별자치도,4,5.0
985,제주동문재래시장 공영주차장,제주특별자치도,4,5.0
99,국제 리더스클럽,제주특별자치도,5,5.0
1229,협재해수욕장,제주특별자치도,1,5.0
1247,황이지 선녀탕,제주특별자치도,1,5.0
1140,표선해수욕장,제주특별자치도,1,5.0
467,산굼부리,제주특별자치도,2,5.0
15,가파도,제주특별자치도,1,5.0
438,브릭 캠퍼스 제주,제주특별자치도,3,3.6666666666666665
457,사계해변,제주특별자치도,1,4.0
654,신창 풍차 해안도로,제주특별자치도,1,5.0
1096,태웃개,제주특별자치도,1,4.666666666666667
120,기당미술관,제주특별자치도,3,4.333333333333333
1055,천지연폭포 주차장,제주특별자치도,1,3.0
555,성이시돌목장,제주특별자치도,1,2.333333333333333
118,금오름,제주특별자치도,1,3.6666666666666665
167,노티스 제주,제주특별자치도,4,3.333333333333333
708,약천사,제주특별자치도,2,4.333333333333333
1235,혼인지,제주특별자치도,2,5.0
56,고성 오일 시장,제주특별자치도,4,3.0
869,이마트 제주점,제주특별자치도,4,4.333333333333333
1201,항파두리 항몽 유적지,제주특별자치도,2,3.333333333333333
483,삼양해수욕장,제주특별자치도,1,5.0
984,제주동문재래시장,제주특별자치도,4,5.0
461,사려니숲길,제주특별자치도,7,3.0
922,절물자연휴양림,제주특별자치도,7,4.0
61,고흐의 정원,제주특별자치도,3,5.0
1163,하우 목동 하이,제주특별자치도,1,5.0
1173,한담공원,제주특별자치도,7,5.0
375,미스틱 3도,제주특별자치도,4,5.0
439,블랑 로쉐,제주특별자치도,1,4.0
405,백약이 오름,제주특별자치도,1,2.0
1044,책방 무사,제주특별자치도,3,5.0
1146,플레이스 캠프 제주,제주특별자치도,8,4.333333333333333
158,너븐숭이4.3기념관,제주특별자치도,2,5.0
622,숨이 소리길,제주특별자치도,7,5.0
550,성산일출봉,제주특별자치도,1,5.0
1205,해녀박물관,제주특별자치도,2,5.0
1185,한라수목원,제주특별자치도,1,5.0
703,애월농협 하나로마트,제주특별자치도,4,5.0
163,노을리 카페,제주특별자치도,4,4.333333333333333
1172,한담 해안산책로,제주특별자치도,7,5.0
937,제주 곶자왈 도립공원,제주특별자치도,1,3.333333333333333
1021,중문색달해수욕장,제주특별자치도,7,4.333333333333333
981,제주동문공설시장,제주특별자치도,4,4.333333333333333
719,에코랜드 테마파크,제주특별자치도,6,5.0
130,김녕해수욕장,제주특별자치도,1,3.6666666666666665
686,아쿠아 플라넷 제주,제주특별자치도,6,5.0
653,신창 풍차 해안,제주특별자치도,1,5.0
990,제주시 민속 오일 시장,제주특별자치도,4,2.6666666666666665
96,국립제주박물관,제주특별자치도,2,5.0
867,이마트 신제주점,제주특별자치도,4,5.0
77,광치기 해변,제주특별자치도,1,3.0
1090,큰엉,제주특별자치도,7,4.333333333333333
624,스누피가든,제주특별자치도,6,3.0
441,비밀의 숲,제주특별자치도,7,5.0
820,우도봉,제주특별자치도,7,4.333333333333333
127,김녕미로공원,제주특별자치도,6,5.0
780,올레길 18코스(제주 원도심-조천 올레),제주특별자치도,7,5.0
420,보롬왓,제주특별자치도,1,5.0
566,세화해변,제주특별자치도,1,5.0
1177,한라산국립공원,제주특별자치도,1,5.0
316,마방목지,제주특별자치도,1,5.0
839,월정리 해수욕장,제주특별자치도,1,5.0
765,오저여,제주특별자치도,1,5.0
413,법환포구,제주특별자치도,1,4.0
548,섭지코지 전망대,제주특별자치도,1,5.0
453,뽀로로 앤 타요 테마파크 제주,제주특별자치도,6,5.0
803,외돌개,제주특별자치도,1,5.0
877,이중섭거리,제주특별자치도,4,3.0
499,새연교,제주특별자치도,7,4.0
650,신양섭지해수욕장,제주특별자치도,1,3.0
547,섭지코지,제주특별자치도,1,5.0
391,박수기정,제주특별자치도,7,5.0
213,대평포구,제주특별자치도,1,5.0
522,서울 앵무새 제주점,제주특별자치도,4,5.0
959,제주 월드컵 경기장,제주특별자치도,5,5.0
958,제주 아리랑,제주특별자치도,3,5.0
988,제주민속촌,제주특별자치도,2,5.0
283,레몬 뮤지엄,제주특별자치도,4,3.6666666666666665
994,제주아트서커스,제주특별자치도,3,5.0
925,점보빌리지,제주특별자치도,3,3.6666666666666665
602,쇠소깍 산물 관광농원,제주특별자치도,1,5.0
161,노바운더리 제주,제주특별자치도,4,5.0
759,오늘은 카트레이싱,제주특별자치도,5,1.3333333333333333
306,루나폴,제주특별자치도,6,5.0
1252,휴애리 자연생활공원,제주특별자치도,1,5.0
397,방주교회,제주특별자치도,2,5.0
465,사진 놀이터,제주특별자치도,6,2.6666666666666665
762,오른(orrrn 옹알엔),제주특별자치도,4,5.0
496,새별 오름,제주특별자치도,1,5.0
318,마인드 피트니스 제주공항점,제주특별자치도,5,4.0
689,안덕계곡,제주특별자치도,1,3.0
1072,카멜리아힐,제주특별자치도,8,4.0
1248,황이지 해안,제주특별자치도,5,5.0
998,제주특별자치도 민속자연사박물관,제주특별자치도,2,3.0
159,넥슨 컴퓨터 박물관,제주특별자치도,3,3.6666666666666665
946,제주 로컬 섬 제주,제주특별자치도,4,3.333333333333333
976,제주관광공사 지정면세점,제주특별자치도,3,4.0
763,오설록 티 뮤지엄,제주특별자치도,1,3.333333333333333
409,범 섬,제주특별자치도,1,5.0
621,숨도,제주특별자치도,1,4.666666666666667
498,새섬,제주특별자치도,1,4.0
520,서어봉,제주특별자치도,1,4.666666666666667
1130,평대리 해수욕장,제주특별자치도,1,3.0
970,제주 한림농협 하나로마트,제주특별자치도,4,5.0
231,도두동 무지개 해안도로,제주특별자치도,7,4.0
390,박물관은 살아있다 제주 중문점,제주특별자치도,3,3.6666666666666665
151,남원큰엉해변,제주특별자치도,1,4.666666666666667
955,제주 스카이랩 패러글라이딩 체험비행장소,제주특별자치도,5,4.333333333333333
1041,창금,제주특별자치도,1,2.6666666666666665
1148,피닉스 제주 섭지코지 수영장,제주특별자치도,6,5.0
968,제주 코코몽 에코파크,제주특별자치도,6,5.0
244,돌 염전,제주특별자치도,1,4.0
812,용머리해안 공영주차장,제주특별자치도,1,2.333333333333333
1,11고지 휴게소,제주특별자치도,1,3.333333333333333
1181,한라산국립공원 성판악탐방로,제주특별자치도,1,3.333333333333333
1241,화순금모래해수욕장,제주특별자치도,1,3.333333333333333
597,송악산 둘레길,제주특별자치도,1,4.333333333333333
69,곽지해수욕장,제주특별자치도,1,3.333333333333333
626,스카이 워터쇼,제주특별자치도,3,4.0
73,관음사,제주특별자치도,2,5.0
558,세계 자동차 피아노 박물관,제주특별자치도,2,5.0
1000,제주해양 동물 박물관,제주특별자치도,2,3.333333333333333
1155,하도 해변,제주특별자치도,1,3.333333333333333
451,빛의 벙커,제주특별자치도,3,4.666666666666667
880,이호 테우 등대,제주특별자치도,1,5.0
284,레이저 서바이벌 M,제주특별자치도,3,5.0
1152,하귀농협 하나로마트,제주특별자치도,4,3.0
417,별 방진,제주특별자치도,1,3.333333333333333
1043,책 약방,제주특별자치도,4,3.6666666666666665
685,아침미소목장,제주특별자치도,1,5.0
10,M1971 요트투어,제주특별자치도,5,3.333333333333333
233,도두봉,제주특별자치도,7,4.666666666666667
271,따라 비 오름,제주특별자치도,1,4.333333333333333
1089,큰노꼬메오름,제주특별자치도,1,5.0
470,산방산,제주특별자치도,1,4.0
341,명성 목장,제주특별자치도,1,5.0
509,서귀포 치유의 숲,제주특별자치도,7,4.0
502,샤인빌파크 CC,제주특별자치도,5,3.333333333333333
928,정방폭포,제주특별자치도,1,3.333333333333333
1244,환상숲 곶자왈 공원,제주특별자치도,1,5.0
848,윈드 1947카트 테마파크,제주특별자치도,5,1.6666666666666667
787,올레길 7코스(서귀포-월평 올레),제주특별자치도,1,4.0
866,이마트 서귀포점,제주특별자치도,4,4.0
516,서복전시관,제주특별자치도,2,1.6666666666666667
1237,홈플러스 서귀포점,제주특별자치도,4,5.0
596,송악산,제주특별자치도,1,5.0
68,과물 노천탕,제주특별자치도,2,5.0
1206,해녀의 부엌,제주특별자치도,3,4.333333333333333
87,구좌농협 하나로마트 중부점,제주특별자치도,4,3.0
64,공백,제주특별자치도,4,3.0
960,제주 월령리 선인장 군락,제주특별자치도,1,2.6666666666666665
356,몸들 한 상,제주특별자치도,4,4.666666666666667
374,미쁜 제과,제주특별자치도,4,4.666666666666667
743,영락리 방파제,제주특별자치도,1,5.0
701,애월 카페거리,제주특별자치도,1,3.0
938,제주 국제공항,제주특별자치도,7,3.0
443,비양도,제주특별자치도,2,5.0
831,원앙폭포,제주특별자치도,5,5.0
194,닭머르,제주특별자치도,1,3.333333333333333
992,제주신라호텔 수영장,제주특별자치도,4,5.0
811,용두암,제주특별자치도,1,3.0
1243,화조원,제주특별자치도,6,3.0
814,용연 구름다리,제주특별자치도,1,4.0
460,사려니 숲,제주특별자치도,1,4.0
1003,제지기 오름,제주특별자치도,1,4.0
18,감귤 박물관,제주특별자치도,3,3.6666666666666665
792,와종 미술관,제주특별자치도,3,3.0
569,소남머리,제주특별자치도,7,4.0
426,본태 박물관,제주특별자치도,3,4.666666666666667
629,스타벅스 제주 서해안로 DT점 주차장,제주특별자치도,4,3.333333333333333
482,삼성혈,제주특별자치도,2,3.0
71,관덕정,제주특별자치도,2,3.0
833,월령포구,제주특별자치도,7,2.6666666666666665
670,아라리오 뮤지엄 탑동 시네마,제주특별자치도,3,4.0
821,우도봉 입구,제주특별자치도,1,5.0
979,제주도립 김창열 미술관,제주특별자치도,2,5.0
412,법화사,제주특별자치도,2,5.0
415,베릿내오름,제주특별자치도,1,5.0
101,군산,제주특별자치도,1,5.0
690,안도라,제주특별자치도,4,5.0
83,교래자연휴양림,제주특별자치도,1,5.0
1020,중문농협 하나로마트 본점,제주특별자치도,4,5.0
721,여미지식물원,제주특별자치도,1,4.0
750,영주산,제주특별자치도,7,5.0
1183,한라산국립공원 영실탐방로,제주특별자치도,1,4.333333333333333
1220,허니문하우스,제주특별자치도,4,4.666666666666667
582,소천지,제주특별자치도,1,3.0
800,왕이 메 오름,제주특별자치도,1,5.0
980,제주도립미술관,제주특별자치도,3,5.0
1018,중문 대표 주상절리대,제주특별자치도,1,4.0
642,신도포구,제주특별자치도,1,5.0
133,김영갑갤러리 두모악,제주특별자치도,3,5.0
720,여름 문구사,제주특별자치도,4,5.0
521,서어봉 산책로,제주특별자치도,7,4.333333333333333
940,제주 기념품 선물고팡 함덕점,제주특별자치도,4,3.333333333333333
1178,한라산국립공원 관음사 지구 안내소,제주특별자치도,1,5.0
401,백록담,제주특별자치도,1,5.0
296,롯데마트 제주점,제주특별자치도,4,3.0
13,가문도 포구,제주특별자치도,7,5.0
698,알자 크지 해변,제주특별자치도,1,5.0
607,수목원길 야시장,제주특별자치도,4,1.6666666666666667
473,산양큰엉곶,제주특별자치도,1,4.0
601,쇠소깍 관광지,제주특별자치도,2,5.0
419,보래드베이커스,제주특별자치도,4,5.0
468,산방 연대,제주특별자치도,2,5.0
1079,카페글렌코,제주특별자치도,4,4.333333333333333
819,우도 올레 보트,제주특별자치도,5,5.0
599,쇠머리 오름,제주특별자치도,1,5.0
168,노형수퍼마켙,제주특별자치도,3,5.0
606,수목원 테마파크,제주특별자치도,3,5.0
38,거문 오름,제주특별자치도,1,4.666666666666667
1187,한림공원,제주특별자치도,1,4.0
1223,헬로키티 아일랜드,제주특별자치도,6,5.0
436,붉은 오름 자연휴양림,제주특별자치도,7,5.0
1234,호텔 샌드,제주특별자치도,4,5.0
826,우유부단,제주특별자치도,4,4.0
70,관곶,제주특별자치도,1,4.0
842,월평포구,제주특별자치도,1,4.0
680,아시아 CGI 애니메이션센터,제주특별자치도,3,4.0
948,제주 부영 호텔 앤리조트,제주특별자치도,8,4.0
779,올레길 17코스(광령-제주 원도심 올레),제주특별자치도,7,4.333333333333333
630,스타벅스 제주 용담 DT 점,제주특별자치도,4,4.333333333333333
1132,포도 뮤지엄,제주특별자치도,3,4.666666666666667
344,모슬포항,제주특별자치도,1,2.333333333333333
309,마농 르블랑,제주특별자치도,4,4.0
945,제주 레포츠 랜드,제주특별자치도,5,4.333333333333333
1176,한라산 11고지,제주특별자치도,1,5.0
952,제주 성읍마을,제주특별자치도,2,3.0
846,위미항,제주특별자치도,1,4.0
368,문도지오름,제주특별자치도,1,5.0
12,가르 송티 미드 제주점,제주특별자치도,4,3.333333333333333
942,제주 돌 문화공원,제주특별자치도,2,3.6666666666666665
783,올레길 20코스(김녕-하도 올레),제주특별자치도,1,5.0
1217,행원 연대봉,제주특별자치도,1,5.0
766,오조포구,제주특별자치도,1,5.0
614,수월봉,제주특별자치도,1,5.0
1038,차귀도,제주특별자치도,1,5.0
433,북촌에 가면,제주특별자치도,4,3.0
1092,탐라는 초코 솜이,제주특별자치도,1,3.0
850,윗세오름,제주특별자치도,7,5.0
1006,종달리 수국길,제주특별자치도,1,5.0
545,섬 투어 레저,제주특별자치도,5,4.0
444,비양도 등대,제주특별자치도,1,4.666666666666667
1253,휴즐리 제주점,제주특별자치도,4,5.0
577,소색채본,제주특별자치도,4,5.0
969,제주 투사관,제주특별자치도,2,3.333333333333333
875,이에 바이크,경북,5,4.0
1047,천부해 중전 망대,경북,4,3.333333333333333
1230,혜림원,경북,1,2.333333333333333
824,우산국 박물관,경북,3,3.333333333333333
556,성인봉 봉래폭포,경북,1,4.0
781,올레길 19코스(조천-김녕 올레),제주특별자치도,7,5.0
1105,토스카나 호텔,제주특별자치도,5,5.0
949,제주 불빛 정원,제주특별자치도,3,4.333333333333333
474,산지 등대,제주특별자치도,1,3.0
137,까사로마호텔,제주특별자치도,6,5.0
106,군산오름 등산로 입구,제주특별자치도,1,5.0
192,단산,제주특별자치도,1,1.6666666666666667
908,장한 철 생가,제주특별자치도,4,4.333333333333333
941,제주 남원농협 하나로마트,제주특별자치도,4,5.0
322,마틸다,제주특별자치도,4,1.0
786,올레길 5코스(남원-쇠소깍 올레),제주특별자치도,7,4.0
311,마라도,제주특별자치도,1,5.0
853,유동룡 이타미 준 미술관,제주특별자치도,3,5.0
936,제주 고래 감성 소품,제주특별자치도,4,3.333333333333333
1141,푸르고,제주특별자치도,4,4.0
706,액트몬 제주 중문점,제주특별자치도,6,4.333333333333333
508,서귀포 유람선,제주특별자치도,5,4.333333333333333
308,리틀 프린스 뮤지엄,제주특별자치도,3,2.333333333333333
947,제주 밭담 테마공원,제주특별자치도,1,3.333333333333333
640,식산봉,제주특별자치도,7,4.0
784,올레길 2코스(광치기-온평 올레),제주특별자치도,7,4.0
782,올레길 1코스(시흥-광치기 올레),제주특별자치도,7,4.0
185,다랑쉬 오름,제주특별자치도,1,4.333333333333333
218,더 아일랜더,제주특별자치도,4,5.0
1094,탑동 광장,제주특별자치도,1,5.0
806,욕지도 제1출렁 다리,경남,1,4.0
707,액티브 파크,제주특별자치도,5,3.6666666666666665
957,제주 실탄사격장,제주특별자치도,6,4.0
196,답다니 수국밭,제주특별자치도,1,4.0
380,민오름,제주특별자치도,1,4.333333333333333
147,남국사,제주특별자치도,2,5.0
557,성판악 주차장,제주특별자치도,1,5.0
1171,한담 몰,제주특별자치도,4,4.0
286,로봇 플래닛,제주특별자치도,6,5.0
758,오늘은 녹차 한 잔,제주특별자치도,1,4.666666666666667
347,목장 카페 밭디,제주특별자치도,6,5.0
1251,훈데르트바서 파크,제주특별자치도,3,4.0
688,안녕 성산,제주특별자치도,4,5.0
1080,캐니언 파크 제주점,제주특별자치도,6,5.0
1028,지그 라나다,제주특별자치도,4,5.0
471,산방산 랜드,제주특별자치도,6,3.333333333333333
240,독도 문방구,경북,4,3.6666666666666665
1121,파르나스호텔 제주,제주특별자치도,5,3.0
1058,청굴물,제주특별자치도,1,3.333333333333333
1197,함덕 북촌마을 길,제주특별자치도,2,4.0
987,제주목 관아,제주특별자치도,2,4.0
255,동백동산 습지센터,제주특별자치도,1,5.0
458,사라봉,제주특별자치도,7,4.0
939,제주 기념품 가게 올레 파머스 함덕,제주특별자치도,4,4.0
738,연화지,제주특별자치도,1,4.666666666666667
449,비케이브,제주특별자치도,4,4.0
440,블루 보틀 제주 카페,제주특별자치도,4,4.333333333333333
285,렛츠런파크 제주,제주특별자치도,6,3.333333333333333
7,CGV 제주,제주특별자치도,3,3.0
317,마이테르수영장,제주특별자치도,6,3.333333333333333
1083,켄싱턴리조트 서귀포,제주특별자치도,4,2.333333333333333
327,만장굴,제주특별자치도,1,4.0
794,와흘메밀농촌체험휴양마을,제주특별자치도,8,5.0
829,원 앤 온리,제주특별자치도,4,4.0
222,더클리프,제주특별자치도,4,4.0
1151,피크닉엔 와인 월정,제주특별자치도,4,2.333333333333333
129,김녕킹마트,제주특별자치도,4,5.0
901,자매 국수,제주특별자치도,4,5.0
119,금호리조트 제주 아쿠아나,제주특별자치도,6,2.0
1210,해비치 호텔&리조트 제주,제주특별자치도,7,4.0
570,소노캄 제주,제주특별자치도,7,3.0
1144,프리다이빙 제주바당,제주특별자치도,5,5.0
734,연동,제주특별자치도,4,3.0
815,용연계곡,제주특별자치도,1,3.6666666666666665
42,건강과 성 박물관,제주특별자치도,2,4.0
279,랜디스 도넛 제주 애월점,제주특별자치도,4,2.0
841,월정서핑 랑서프,제주특별자치도,5,5.0
581,소정방폭포,제주특별자치도,1,5.0
1029,지금 이 순간,제주특별자치도,4,5.0
357,몽돌해수욕장,전북,1,3.333333333333333
199,대기봉,경남,1,5.0
265,두구리알,제주특별자치도,1,4.0
678,아베베 베이커리,제주특별자치도,4,5.0
122,김경숙해바라기농장,제주특별자치도,1,4.0
679,아부오름,제주특별자치도,1,4.666666666666667
549,성산일출 해양도립공원,제주특별자치도,1,4.666666666666667
132,김서프제주,제주특별자치도,5,4.0
1218,행원 해변,제주특별자치도,1,4.0
1147,피겨 뮤지엄 제주,제주특별자치도,6,4.333333333333333
1215,행남해안산책로,경북,7,4.0
964,제주 중문 관광단지,제주특별자치도,7,3.333333333333333
448,비체올린,제주특별자치도,6,3.0
328,만장굴 입구 매표소,제주특별자치도,1,5.0
220,더마파크,제주특별자치도,3,5.0
891,인카페 온 더 비치,제주특별자치도,4,3.0
603,쇠소깍 전통 나룻배 카약 체험 지점,제주특별자치도,5,5.0
315,마마롱,제주특별자치도,4,5.0
883,인스밀,제주특별자치도,4,5.0
1142,풀베기,제주특별자치도,4,5.0
1030,지미 수우도 보트 관광,제주특별자치도,5,5.0
967,제주 카약 올레,제주특별자치도,5,5.0
37,개 이름,제주특별자치도,1,3.6666666666666665
528,서프라이즈 테마파크,제주특별자치도,6,5.0
455,사건도,제주특별자치도,7,4.0
223,더피플,제주특별자치도,5,5.0
912,저지 오름,제주특별자치도,1,5.0
1002,제주현대미술관,제주특별자치도,3,5.0
369,문화 예술 공공수장고,제주특별자치도,3,4.666666666666667
376,미유 애월점,제주특별자치도,4,4.0
1202,항파두리 항몽 유적지 나 홀로 나무,제주특별자치도,1,2.333333333333333
854,유드림마트 함덕점,제주특별자치도,4,3.333333333333333
126,김녕떠오르길,제주특별자치도,4,4.0
1040,창고 만난 돌,제주특별자치도,1,3.333333333333333
1106,톨칸이해변,제주특별자치도,1,4.0
1227,현대원 카페 비스틀리,제주특별자치도,4,5.0
1182,한라산국립공원 어승생악 탐방로,제주특별자치도,1,2.0
1170,한남시험림 탐방,제주특별자치도,1,5.0
705,애월항,제주특별자치도,7,4.0
475,산지천,제주특별자치도,4,4.0
744,영실 입구 주차장,제주특별자치도,1,5.0
590,송당 무끈모루,제주특별자치도,1,3.0
878,이중섭미술관,제주특별자치도,2,4.0
935,제주 4.3평화공원,제주특별자치도,2,4.0
830,원더 아일랜드,제주특별자치도,3,3.6666666666666665
1222,헬로 제주,제주특별자치도,4,2.6666666666666665
535,선물가게 바나나,제주특별자치도,4,5.0
174,논짓물해변,제주특별자치도,1,5.0
1104,테디베어뮤지엄 제주점,제주특별자치도,3,2.6666666666666665
110,그랑블루 요트투어,제주특별자치도,5,2.6666666666666665
977,제주도 나이,제주특별자치도,4,3.333333333333333
232,도두몰,제주특별자치도,4,3.0
324,만두 상점,제주특별자치도,4,3.0
463,사려니숲길 입구,제주특별자치도,1,5.0
710,어영공원,제주특별자치도,1,5.0
67,곶자왈 반딧불이 축제,제주특별자치도,8,5.0
1007,종달리 해변,제주특별자치도,1,3.333333333333333
563,세화 민속 오일시장,제주특별자치도,4,3.0
1036,질그랭이거점센터,제주특별자치도,3,3.0
840,월정리 해안도로,제주특별자치도,1,4.0
494,상효인 수목원,제주특별자치도,1,5.0
281,런던 베이글 뮤지엄 제주점,제주특별자치도,4,4.0
845,위미리 수국길,제주특별자치도,1,5.0
114,금능서핑,제주특별자치도,5,5.0
559,세기알 해변,제주특별자치도,1,5.0
1077,카페 울라,경북,4,5.0
72,관음도,경북,1,5.0
148,남서일몰전망대,경북,1,4.666666666666667
828,울라 웰컴하우스,경북,4,5.0
480,삼선암,경북,1,5.0
616,수풍석뮤지엄,제주특별자치도,3,4.333333333333333
373,미레나,제주특별자치도,4,1.3333333333333333
832,월령 선인장 마을,제주특별자치도,1,4.333333333333333
1188,한림민속 5일시장,제주특별자치도,4,5.0
995,제주에 퐁당 성산점,제주특별자치도,4,3.333333333333333
190,다인오세아노호텔 루프탑 ARA,제주특별자치도,5,5.0
778,올레길 16코스(고내-광령 올레),제주특별자치도,7,5.0
437,브라보 비치,제주특별자치도,4,5.0
469,산방굴사,제주특별자치도,2,4.0
44,걸어가는 늑대들 전이 수 갤러리,제주특별자치도,3,4.666666666666667
700,애월 돌고래 전망대,제주특별자치도,2,5.0
456,사계항,제주특별자치도,1,4.0
26,강정천,제주특별자치도,1,5.0
788,올레길 8코스(월평-대평 올레),제주특별자치도,7,5.0
704,애월빵공장앤 카페,제주특별자치도,4,2.333333333333333
367,무한의 다리,전남,7,5.0
1019,중문 레저 UTV,제주특별자치도,5,5.0
777,올레길 15-B코스(한림-고내 올레),제주특별자치도,7,5.0
1086,코코 나라,제주특별자치도,5,1.0
632,스타벅스 제주 협재점,제주특별자치도,1,5.0
1071,칠십리 음식특화거리,제주특별자치도,4,5.0
1076,카페 서연의 집,제주특별자치도,2,5.0
43,걸리버 여행기,제주특별자치도,5,5.0
1014,주주표 서 서핑스쿨,제주특별자치도,5,5.0
320,마코다이브,제주특별자치도,5,3.0
699,앙투아네트 용담점,제주특별자치도,4,4.333333333333333
175,놀이터 서핑,제주특별자치도,5,4.0
1189,한림수협 다목적 어업인 종합지원센터,제주특별자치도,4,2.6666666666666665
503,샵제주,제주특별자치도,4,5.0
989,제주시 농협 하나로마트 노형점,제주특별자치도,4,5.0
1143,프라이탁 제주점,제주특별자치도,4,3.0
150,남원농협 하나로마트,전북,4,4.333333333333333
1074,카페 모알보알,제주특별자치도,4,5.0
1051,천왕사,제주특별자치도,2,5.0
504,서귀 다원,제주특별자치도,1,5.0
691,안돌오름,제주특별자치도,1,4.333333333333333
645,신비의도로,제주특별자치도,1,5.0
336,메이즈랜드,제주특별자치도,6,5.0
560,세리월드,제주특별자치도,6,4.0
876,이중섭 거주지,제주특별자치도,3,4.0
944,제주 레일바이크,제주특별자치도,5,4.333333333333333
1081,캐럿 서프,제주특별자치도,5,5.0
702,애월 해안도로,제주특별자치도,1,4.333333333333333
491,상정해 오름 노을길,제주특별자치도,7,4.0
1061,청아 투명 카약,제주특별자치도,5,4.333333333333333
478,삼무공원,제주특별자치도,2,3.6666666666666665
280,러블리 제주,제주특별자치도,4,3.0
97,국립항공박물관,서울,3,4.0
131,김만덕기념관,제주특별자치도,2,2.333333333333333
610,수산한못,제주특별자치도,7,3.6666666666666665
1082,케미스트,제주특별자치도,4,5.0
1204,해금강테마 박물관,경남,3,2.333333333333333
162,노을 승마장,제주특별자치도,5,5.0
565,세화 소품과,제주특별자치도,4,3.6666666666666665
1186,한림 작은 영화관,제주특별자치도,3,5.0
924,점,제주특별자치도,4,5.0
181,다구리 문화 예술공원,제주특별자치도,7,4.0
136,까보스코 레스토랑,제주특별자치도,4,5.0
717,에오마르,제주특별자치도,4,4.0
536,선물고팡 제주공항점,제주특별자치도,4,4.666666666666667
209,대정 오일시장,제주특별자치도,4,4.0
1240,화순 곶자왈 생태탐방 숲길,제주특별자치도,1,4.333333333333333
1128,페이보릿,제주특별자치도,4,5.0
263,동한 두기,제주특별자치도,1,3.333333333333333
986,제주드림타워,제주특별자치도,4,3.6666666666666665
950,제주 삼양동 유적,제주특별자치도,2,4.333333333333333
538,선물고팡 협재점,제주특별자치도,4,4.333333333333333
462,사려니숲길 붉은오름 입구,제주특별자치도,7,5.0
171,녹차 동굴,제주특별자치도,1,3.0
962,제주 제트 중문점,제주특별자치도,5,5.0
552,성산포 성당,제주특별자치도,2,4.0
804,외돌개 전망대,제주특별자치도,1,4.0
245,돌멩이 감성 소품,제주특별자치도,4,3.333333333333333
277,라마다플라자 제주호텔,제주특별자치도,8,4.0
1175,한라산,제주특별자치도,1,5.0
930,제동목장 입구 교차로,제주특별자치도,1,4.0
490,상가리 야자숲,제주특별자치도,1,3.0
764,오이도 전통수산시장,경기,4,3.333333333333333
414,베르아델 승마클럽,경기,5,2.333333333333333
578,소심한 책방,제주특별자치도,4,4.333333333333333
362,무민 랜드 제주,제주특별자치도,3,2.6666666666666665
923,젊은이의 광장,제주특별자치도,1,4.0
662,신흥해수욕장,제주특별자치도,1,4.0
899,자구 미담 수욕장,제주특별자치도,7,4.0
1073,카페 루시아 본점,제주특별자치도,4,4.0
580,소인국테마파크,제주특별자치도,3,2.333333333333333
1039,차귀도 포구,제주특별자치도,1,1.0
182,다구리 해안가,제주특별자치도,5,3.0
975,제주 힐링 스쿠터,제주특별자치도,5,3.6666666666666665
527,서프 블루,제주특별자치도,5,4.0
1198,함덕 오일시장,제주특별자치도,4,4.666666666666667
951,제주 서핑,제주특별자치도,5,4.333333333333333
755,옛 군산세관,전북,2,4.0
177,누다 비치,제주특별자치도,4,4.0
711,엄장해암길,제주특별자치도,1,4.0
965,제주 차귀도 요트투어,제주특별자치도,5,4.0
8,JW 메리어트 제주리조트 스파,제주특별자치도,7,5.0
715,에브리바디 빈티지 본점,제주특별자치도,4,3.333333333333333
189,다이소 제주동문시장점,제주특별자치도,4,5.0
1031,지미봉,제주특별자치도,1,3.6666666666666665
897,잃어버린 마을 곤을동,제주특별자치도,2,3.0
258,동일리 포구,제주특별자치도,1,5.0
169,노형슈퍼,제주특별자치도,3,5.0
165,노을해안길 1코스,제주특별자치도,1,5.0
847,위이,제주특별자치도,4,5.0
178,누워 마루 거리,제주특별자치도,4,3.6666666666666665
1190,한림수협 위판장,제주특별자치도,4,5.0
184,다락쉼터,제주특별자치도,1,5.0
1154,하나로마트 제주점,제주특별자치도,4,4.0
1116,파더스 가든,제주특별자치도,6,4.0
188,다이소 제주 함덕점,제주특별자치도,4,4.0
454,뿔소라공원,제주특별자치도,1,2.333333333333333
253,동문 올레 수산,제주특별자치도,4,2.6666666666666665
1166,하효 쇠소깍 해변,제주특별자치도,1,5.0
510,서귀포시 중앙도서관,제주특별자치도,3,5.0
55,고사리 숲길,제주특별자치도,1,3.0
408,백주산보,제주특별자치도,3,5.0
993,제주신화 월드 쇼핑몰,제주특별자치도,4,4.0
1101,테디 제주 바이 올레,제주특별자치도,4,4.0
1250,효명사,제주특별자치도,1,5.0
53,고내포구,제주특별자치도,1,3.0
1070,칠성으로 쇼핑거리,제주특별자치도,4,4.0
1157,하루 필름 제주 애월점,제주특별자치도,4,4.666666666666667
893,인피니티리조트,제주특별자치도,5,4.0
180,니모스토리,제주특별자치도,5,5.0
1137,포토이즘박스 제주동문시장점,제주특별자치도,4,5.0
269,디앤디파트먼트 제주,제주특별자치도,4,3.0
191,다정이네 올레시장 본점,제주특별자치도,4,5.0
1184,한라생태숲,제주특별자치도,1,4.0
210,대정농협 하나로마트,제주특별자치도,4,5.0
343,모리아 상점,제주특별자치도,4,3.6666666666666665
822,우리 회수산,제주특별자치도,4,1.0
303,롯데시네마 제주 연동,제주특별자치도,3,4.0
1246,황위치해변,제주특별자치도,1,2.0
518,서부두 수산시장,제주특별자치도,4,3.0
1135,포시즌 해양레저,제주특별자치도,5,5.0
713,엉얼 해안,제주특별자치도,1,5.0
81,교동읍성,인천,2,3.0
82,교동향교,인천,2,4.0
892,인터포레스트,제주특별자치도,4,5.0
319,마켓 제주,제주특별자치도,4,3.333333333333333
1149,피닉스 제주 유민 미술관,제주특별자치도,3,4.0
963,제주 조천 스위스 마을,제주특별자치도,4,2.6666666666666665
971,제주 항일기념관,제주특별자치도,2,5.0
505,서귀 본향당,제주특별자치도,2,1.0
385,바람 모루공원,제주특별자치도,7,5.0
387,바리 뫼오름,제주특별자치도,1,5.0
1126,퍼시픽 마리나 요트계류장,제주특별자치도,5,5.0
128,김녕요트투어,제주특별자치도,5,5.0
991,제주시 새우리 제주점,제주특별자치도,4,5.0
943,제주 라프,제주특별자치도,5,5.0
996,제주종합 경기장,제주특별자치도,7,3.6666666666666665
156,내도바당 길,제주특별자치도,1,4.0
332,망장포,제주특별자치도,1,3.0
1203,해군 영흥도 전적비,인천,2,5.0
973,제주 해양레저사계,제주특별자치도,5,4.0
206,대왕 수천 예래생태공원,제주특별자치도,1,4.0
929,제동목장,제주특별자치도,1,5.0
954,제주 소품 함덕점,제주특별자치도,4,5.0
855,유람 위드북스,제주특별자치도,4,5.0
154,남해수산,제주특별자치도,4,5.0
902,자산어보 촬영지,전남,2,4.0
561,세리월드 카트레이싱,제주특별자치도,5,5.0
1228,현포항,경북,5,5.0
809,용눈이오름,제주특별자치도,7,2.6666666666666665
234,도두봉 키세스존,제주특별자치도,1,4.0
108,궷물오름,제주특별자치도,1,4.0
345,모퉁이 옷장,제주특별자치도,4,2.333333333333333
1136,포토 랩 플러스 함덕점,제주특별자치도,4,5.0
125,김녕 용암해수사우나,제주특별자치도,4,4.666666666666667
631,스타벅스 제주 일도 DT 점,제주특별자치도,4,5.0
982,제주동문수산시장,제주특별자치도,4,3.333333333333333
123,김녕 바닷길,제주특별자치도,1,5.0
913,저지예술인 마을,제주특별자치도,3,3.6666666666666665
314,마리메 주차장,제주특별자치도,1,5.0
1100,태화탕,제주특별자치도,4,3.333333333333333
716,에브리바디 빈티지 서귀포점,제주특별자치도,4,2.0
589,솟솟리버스,제주특별자치도,3,5.0
383,바다 바래,제주특별자치도,4,3.0
497,새별 프렌즈,제주특별자치도,6,3.6666666666666665
337,메종글래드 제주 더 파티오 풀,제주특별자치도,6,3.6666666666666665
966,제주 카약,제주특별자치도,5,4.666666666666667
321,마트로 탑동점,제주특별자치도,4,4.0
757,오는정김밥,제주특별자치도,4,5.0
1160,하모해변,제주특별자치도,1,3.0
0,11고지 습지,제주특별자치도,1,5.0
1242,화순금모래해수욕장 수영장,제주특별자치도,5,5.0
495,새만금 방조제 드라이브 코스,전북,1,5.0
236,도리빨,제주특별자치도,1,5.0
1022,중문서핑스쿨&중문서핑샵,제주특별자치도,4,5.0
795,완도 우성 종합 어 시장,전남,4,5.0
796,완도농협 하나로마트 본점,전남,4,3.0
272,땅끝 전망대,전남,1,4.0
273,땅끝탑,전남,1,4.0
609,수산동,제주특별자치도,1,3.333333333333333
112,그리스신화 박물관,제주특별자치도,2,3.0
974,제주 허브동산,제주특별자치도,6,4.0
342,명월 국민학교,제주특별자치도,4,2.6666666666666665
256,동부 국민체육센터,제주특별자치도,5,5.0
617,순례자의 교회,제주특별자치도,2,4.333333333333333
733,연대 포구,제주특별자치도,1,4.666666666666667
1162,하얘 포구,제주특별자치도,1,5.0
59,고양이 선장 카페,제주특별자치도,5,4.0
647,신산환해장성,제주특별자치도,2,5.0
956,제주 시범바다목장,제주특별자치도,1,5.0
1138,퐁당 제주,제주특별자치도,5,5.0
5,998서프,제주특별자치도,5,5.0
1145,플레이 판포,제주특별자치도,5,3.333333333333333
683,아워아일랜드 아워제주,제주특별자치도,4,3.333333333333333
361,무무제주,제주특별자치도,4,4.0
164,노을해안114,제주특별자치도,5,5.0
669,씽씽 전기자전거,제주특별자치도,5,5.0
927,정모시 쉼터,제주특별자치도,1,4.0
789,올리브영 제주 협재점,제주특별자치도,4,5.0
628,스타벅스 제주 삼화 DT점,제주특별자치도,4,3.6666666666666665
507,서귀포 시청 제1청사,제주특별자치도,7,4.333333333333333
312,마라도 가는 여객선,제주특별자치도,1,4.333333333333333
568,소길별하,제주특별자치도,4,4.333333333333333
410,범서프,제주특별자치도,5,5.0
109,귀덕바다 투명카약,제주특별자치도,1,5.0
655,신창풍차 전기자전거,제주특별자치도,5,5.0
124,김녕 삼촌 카페,제주특별자치도,4,5.0
111,그랜드 조선 제주,제주특별자치도,5,5.0
14,가시리 국산화 풍력발전 단지,제주특별자치도,1,5.0
818,우도 i,제주특별자치도,4,4.0
241,독도박물관,경북,3,5.0
615,수유동,제주특별자치도,4,3.0
307,리치망고 협재점,제주특별자치도,4,4.666666666666667
221,더블유,제주특별자치도,5,5.0
500,샛도 피물,제주특별자치도,1,2.6666666666666665
961,제주 웨이브 서핑,제주특별자치도,5,5.0
229,델문도 김녕점,제주특별자치도,7,5.0
874,이승이오름,제주특별자치도,1,5.0
623,쉼표,제주특별자치도,4,3.333333333333333
571,소라의 성,제주특별자치도,3,4.0
953,제주 소품 숍 모이소,제주특별자치도,4,5.0
775,올래국수 본점,제주특별자치도,4,2.6666666666666665
187,다이소 용담점,제주특별자치도,7,5.0
537,선물고팡 중문점,제주특별자치도,4,4.0
978,제주도 품관,제주특별자치도,4,5.0
138,꽃길만걷자 애월점,제주특별자치도,5,5.0
1207,해녀의 부엌 북촌점,제주특별자치도,3,5.0
226,덕인당 보리빵,제주특별자치도,4,4.0
1013,주정공장 수용소 4.3역사관,제주특별자치도,2,5.0
511,서귀포자연휴양림,제주특별자치도,7,4.333333333333333
121,기흥어물,제주특별자치도,4,4.333333333333333
517,서부농업기술센터,제주특별자치도,1,2.333333333333333
384,바다 수산,제주특별자치도,4,3.0
512,서귀피안베이커리,제주특별자치도,4,5.0
1005,종달리 746,제주특별자치도,3,3.6666666666666665
997,제주중앙 지하상가,제주특별자치도,4,4.0
972,제주 해비치호텔 앤리조트 수영장 1,제주특별자치도,5,5.0
697,알뜨르 비행장,제주특별자치도,2,2.6666666666666665
335,메리 아일랜드,제주특별자치도,4,5.0
225,덕수초교 앞,제주특별자치도,7,4.0
1001,제주해양레저파크,제주특별자치도,5,2.333333333333333
657,신화 가든,제주특별자치도,1,5.0
934,제승당,경남,1,2.6666666666666665
235,도두항,제주특별자치도,1,4.666666666666667
447,비진도해수욕장,경남,1,5.0
564,세화 비치 서프숍,제주특별자치도,5,2.6666666666666665
567,소금 바치우 순이네,제주특별자치도,4,2.333333333333333
1093,탐앤탐스 김녕 아쿠아점,제주특별자치도,4,4.0
1233,호텔 리젠트 마린,제주특별자치도,6,5.0
1124,팔영산 편백 치유의 숲,전남,7,3.6666666666666665
329,말로,제주특별자치도,4,5.0
823,우무,제주특별자치도,4,5.0
790,옹암해변,인천,1,3.6666666666666665
827,운림산방,전남,3,3.6666666666666665
849,윈드스톤,제주특별자치도,3,3.6666666666666665
1180,한라산국립공원 석굴암 탐방로,제주특별자치도,2,5.0
1139,표선민속 오일시장,제주특별자치도,4,3.333333333333333
278,라마르,제주특별자치도,3,5.0
302,롯데시네마 제주 삼화지구,제주특별자치도,3,5.0
646,신산공원,제주특별자치도,7,5.0
1174,한라도서관,제주특별자치도,3,3.6666666666666665
1164,하우투플레이,제주특별자치도,4,4.0
785,올레길 3-A코스(온평-표선 올레),제주특별자치도,1,4.0
378,민락수변공원,부산,1,5.0
768,오징어난전,강원특별자치도,8,1.0
217,대흥사,전남,2,5.0
1078,카페 피어라,충남,4,3.6666666666666665
242,독립기념관,충남,2,5.0
22,갓버터도나스,전남,4,4.0
1249,효돈에 반하다,제주특별자치도,4,3.0
477,삼다수 숲길,제주특별자치도,1,2.6666666666666665
459,사량도 대항해수욕장,경남,1,5.0
52,고고 스쿠터,제주특별자치도,5,5.0
